# addr	mode	size	name	unit
0x08000228	t	0x48	sub_08000228	code_08000228	gap 08000228-08003AA4
0x08000270	t	0x50	sub_08000270	code_08000228	gap 08000270-08003AA4
0x080002C0	t	0x64	sub_080002C0	code_08000228	gap 080002C0-08003AA4
0x08000324	t	0xFC	sub_08000324	code_08000228	gap 08000324-08003AA4
0x08000420	t	0x150	sub_08000420	code_08000228	gap 08000420-08003AA4
0x08000570	t	0x198	sub_08000570	code_08000228	gap 08000570-080008A4
0x08000708	t	0x130	sub_08000708	code_08000228	gap 08000708-080008A4
0x08000838	t	0x1C	sub_08000838	code_08000228	gap 08000838-080008A4
0x08000854	t	0x2C	sub_08000854	code_08000228	gap 08000854-080008A4
0x08000880	t	0x24	sub_08000880	code_08000228	gap 08000880-080008A4
0x080008A4	t	0x98	sub_080008A4	code_08000228	bl@0800048A
0x0800093C	t	0x8	sub_0800093C	code_08000228	gap 0800093C-08003AA4
0x08000944	t	0x48	sub_08000944	code_08000228	gap 08000942-08003AA4
0x0800098C	t	0x8	sub_0800098C	code_08000228	gap 0800098C-08003AA4
0x08000994	t	0x94	sub_08000994	code_08000228	gap 08000992-08003AA4
0x08000A28	t	0x50	sub_08000A28	code_08000228	gap 08000A28-08003AA4
0x08000A78	t	0x50	sub_08000A78	code_08000228	gap 08000A78-08003AA4
0x08000AC8	t	0x18C	sub_08000AC8	code_08000228	gap 08000AC8-08003AA4
0x08000C54	t	0x59C	sub_08000C54	code_08000228	gap 08000C54-08003AA4
0x080011F0	t	0x174	sub_080011F0	code_08000228	gap 080011F0-08001C10
0x08001364	t	0x10	sub_08001364	code_08001364	gap 08001364-08001AE4
0x08001374	t	0xF0	sub_08001374	code_08001364	gap 08001372-08001AE4
0x08001464	t	0x244	sub_08001464	code_08001364	gap 08001464-08001AE4
0x080016A8	t	0xC8	sub_080016A8	code_08001364	gap 080016A8-08001AE4
0x08001770	t	0x78	sub_08001770	code_08001364	gap 08001770-08001AE4
0x080017E8	t	0x2FC	sub_080017E8	code_08001364	gap 080017E8-08001AE4
0x08001AE4	t	0x50	sub_08001AE4	code_08001364	bl@0801AC68
0x08001B34	t	0x64	sub_08001B34	code_08001364	gap 08001B34-08001C10
0x08001B98	t	0x30	sub_08001B98	code_08001364	gap 08001B98-08001C10
0x08001BC8	t	0x24	sub_08001BC8	code_08001364	bl@0800199A
0x08001BEC	t	0x24	sub_08001BEC	code_08001364	bl@0800196A
0x08001C10	t	0x68	sub_08001C10	code_08001364	bl@0801AC22
0x08001C78	t	0x1AC	sub_08001C78	code_08001364	bl@080016C8
0x08001E24	t	0x28	sub_08001E24	code_08001364	gap 08001E24-08002D34
0x08001E4C	t	0xBC	sub_08001E4C	code_08001364	gap 08001E4C-08002D34
0x08001F08	t	0xA8	sub_08001F08	code_08001364	gap 08001F08-08002D34
0x08001FB0	t	0x58	sub_08001FB0	code_08001364	gap 08001FAE-08002D34
0x08002008	t	0x40	sub_08002008	code_08001364	gap 08002008-08002D34
0x08002048	t	0x4C	sub_08002048	code_08001364	gap 08002048-08002D34
0x08002094	t	0xE8	sub_08002094	code_08001364	gap 08002094-08002D34
0x0800217C	t	0xA4	sub_0800217C	code_08001364	gap 0800217A-08002D34
0x08002220	t	0x168	sub_08002220	code_08001364	gap 0800221E-08002D34
0x08002388	t	0x1F4	sub_08002388	code_08002388	gap 08002388-08002D34
0x0800257C	t	0x188	sub_0800257C	code_08002388	gap 0800257C-08002D34
0x08002704	t	0x24	sub_08002704	code_08002388	gap 08002704-08002D34
0x08002728	t	0x208	sub_08002728	code_08002388	gap 08002728-08002D34
0x08002930	t	0x10	sub_08002930	code_08002388	gap 08002930-08002D34
0x08002940	t	0x40	sub_08002940	code_08002388	gap 08002940-08002D34
0x08002980	t	0xC8	sub_08002980	code_08002388	gap 08002980-08002D34
0x08002A48	t	0x58	sub_08002A48	code_08002388	gap 08002A48-08002D34
0x08002AA0	t	0x248	sub_08002AA0	code_08002388	gap 08002AA0-08002D34
0x08002CE8	t	0x4C	sub_08002CE8	code_08002388	gap 08002CE8-08002D34
0x08002D34	t	0x14	sub_08002D34	code_08002388	bl@080032B4
0x08002D48	t	0x138	sub_08002D48	code_08002388	gap 08002D48-08002FD0
0x08002E80	t	0x13C	sub_08002E80	code_08002388	gap 08002E80-08002FD0
0x08002FBC	t	0x14	sub_08002FBC	code_08002388	gap 08002FBC-08002FD0
0x08002FD0	t	0x50	sub_08002FD0	code_08002388	bl@0801BD38
0x08003020	t	0xDC	sub_08003020	code_08002388	gap 08003020-08003AA4
0x080030FC	t	0x78	sub_080030FC	code_08002388	gap 080030FC-08003AA4
0x08003174	t	0xC8	sub_08003174	code_08002388	gap 08003174-08003AA4
0x0800323C	t	0x5C	sub_0800323C	code_08002388	gap 0800323C-08003AA4
0x08003298	t	0x220	sub_08003298	code_08002388	gap 08003298-08003AA4
0x080034B8	t	0x1B4	sub_080034B8	code_080034B8	gap 080034B8-08003AA4
0x0800366C	t	0x90	sub_0800366C	code_080034B8	bl@08003770
0x080036FC	t	0x154	sub_080036FC	code_080034B8	bl@08002D8E
0x08003850	t	0xD0	sub_08003850	code_080034B8	gap 08003850-08003AA4
0x08003920	t	0xA0	sub_08003920	code_080034B8	gap 08003920-08003AA4
0x080039C0	t	0x20	sub_080039C0	code_080034B8	gap 080039C0-08003AA4
0x080039E0	t	0x78	sub_080039E0	code_080034B8	gap 080039E0-08003AA4
0x08003A58	t	0x4C	sub_08003A58	code_080034B8	gap 08003A56-08003AA4
0x08003AA4	t	0x50	sub_08003AA4	code_080034B8	ptr@08075DB8
0x08003AF4	t	0x70	sub_08003AF4	code_080034B8	gap 08003AF4-08004EAC
0x08003B64	t	0xF4	sub_08003B64	code_080034B8	gap 08003B64-08004EAC
0x08003C58	t	0x20	sub_08003C58	code_080034B8	gap 08003C58-0800407C
0x08003C78	t	0x208	sub_08003C78	code_080034B8	gap 08003C78-08003ED4
0x08003E80	t	0x14	sub_08003E80	code_080034B8	gap 08003E7E-08003ED4
0x08003E94	t	0x40	sub_08003E94	code_080034B8	gap 08003E94-08003ED4
0x08003ED4	t	0x18	sub_08003ED4	code_080034B8	bl@08003F44
0x08003EEC	t	0x48	sub_08003EEC	code_080034B8	bl@08003F5A
0x08003F34	t	0x54	sub_08003F34	code_080034B8	bl@08004072
0x08003F88	t	0xE4	sub_08003F88	code_080034B8	bl@0800406E
0x0800406C	t	0x10	sub_0800406C	code_080034B8	bl@08003C5A
0x0800407C	t	0x68	sub_0800407C	code_080034B8	bl@080041E0
0x080040E4	t	0x19C	sub_080040E4	code_080034B8	bl@08003BDA
0x08004280	t	0x34	sub_08004280	code_080034B8	gap 08004280-08004EAC
0x080042B4	t	0x24	sub_080042B4	code_080034B8	gap 080042B2-08004EAC
0x080042D8	t	0x80	sub_080042D8	code_080034B8	gap 080042D8-08004EAC
0x08004358	t	0x13C	sub_08004358	code_080034B8	gap 08004358-08004EAC
0x08004494	t	0x50	sub_08004494	code_080034B8	gap 08004492-08004EAC
0x080044E4	t	0x310	sub_080044E4	code_080044E4	gap 080044E4-08004EAC
0x080047F4	t	0x120	sub_080047F4	code_080044E4	gap 080047F4-08004EAC
0x08004914	t	0x1C	sub_08004914	code_080044E4	gap 08004914-08004EAC
0x08004930	t	0x2C	sub_08004930	code_080044E4	gap 08004930-08004EAC
0x0800495C	t	0x160	sub_0800495C	code_080044E4	gap 0800495A-08004EAC
0x08004ABC	t	0x3C	sub_08004ABC	code_080044E4	gap 08004ABC-08004EAC
0x08004AF8	t	0x8C	sub_08004AF8	code_080044E4	gap 08004AF8-08004EAC
0x08004B84	t	0x138	sub_08004B84	code_080044E4	gap 08004B84-08004EAC
0x08004CBC	t	0xA4	sub_08004CBC	code_080044E4	gap 08004CBC-08004EAC
0x08004D60	t	0x14C	sub_08004D60	code_080044E4	gap 08004D60-08004EAC
0x08004EAC	t	0x5C	sub_08004EAC	code_080044E4	ptr@08075EBA
0x08004F08	t	0x24	sub_08004F08	code_080044E4	gap 08004F08-080057BC
0x08004F2C	t	0x78	sub_08004F2C	code_080044E4	gap 08004F2C-080057BC
0x08004FA4	t	0x34	sub_08004FA4	code_080044E4	gap 08004FA4-080057BC
0x08004FD8	t	0x2A4	sub_08004FD8	code_080044E4	gap 08004FD8-080057BC
0x0800527C	t	0x94	sub_0800527C	code_080044E4	gap 0800527C-080057BC
0x08005310	t	0x58	sub_08005310	code_080044E4	gap 08005310-080057BC
0x08005368	t	0xF4	sub_08005368	code_080044E4	gap 08005368-080057BC
0x0800545C	t	0x30	sub_0800545C	code_080044E4	gap 0800545C-080057BC
0x0800548C	t	0x74	sub_0800548C	code_080044E4	gap 0800548C-080057BC
0x08005500	t	0x3C	sub_08005500	code_08005500	gap 08005500-080057BC
0x0800553C	t	0x1DC	sub_0800553C	code_08005500	gap 0800553C-080057BC
0x08005718	t	0xA4	sub_08005718	code_08005500	gap 08005718-080057BC
0x080057BC	t	0x5C	sub_080057BC	code_08005500	ptr@08004E82
0x08005818	t	0x48	sub_08005818	code_08005500	gap 08005818-0801A7DC
0x08005860	t	0x154	sub_08005860	code_08005500	gap 08005860-0801A7DC
0x080059B4	t	0xBC	sub_080059B4	code_08005500	gap 080059B4-0801A7DC
0x08005A70	t	0x960	sub_08005A70	code_08005500	gap 08005A70-0801A7DC
0x080063D0	t	0x5C	sub_080063D0	code_08005500	gap 080063D0-0801A7DC
0x0800642C	t	0x40	sub_0800642C	code_08005500	gap 0800642C-0801A7DC
0x0800646C	t	0x40	sub_0800646C	code_08005500	gap 0800646C-0801A7DC
0x080064AC	t	0x3CC	sub_080064AC	code_08005500	gap 080064AC-0801A7DC
0x08006878	t	0x14	sub_08006878	code_08006878	gap 08006878-0801A7DC
0x0800688C	t	0xE0	sub_0800688C	code_08006878	gap 0800688C-0801A7DC
0x0800696C	t	0x12C	sub_0800696C	code_08006878	gap 0800696C-0801A7DC
0x08006A98	t	0x24	sub_08006A98	code_08006878	gap 08006A98-0801A7DC
0x08006ABC	t	0x2C	sub_08006ABC	code_08006878	gap 08006ABC-0801A7DC
0x08006AE8	t	0x98	sub_08006AE8	code_08006878	gap 08006AE8-0801A7DC
0x08006B80	t	0x188	sub_08006B80	code_08006878	gap 08006B80-0801A7DC
0x08006D08	t	0x18C	sub_08006D08	code_08006878	gap 08006D08-0801A7DC
0x08006E94	t	0x118	sub_08006E94	code_08006878	gap 08006E92-0801A7DC
0x08006FAC	t	0x24C	sub_08006FAC	code_08006878	gap 08006FAC-0801A7DC
0x080071F8	t	0x174	sub_080071F8	code_08006878	gap 080071F8-0801A7DC
0x0800736C	t	0x50	sub_0800736C	code_08006878	gap 0800736A-0801A7DC
0x080073BC	t	0x5C	sub_080073BC	code_08006878	gap 080073BC-0801A7DC
0x08007418	t	0x24	sub_08007418	code_08006878	gap 08007416-0801A7DC
0x0800743C	t	0x40	sub_0800743C	code_08006878	gap 0800743A-0801A7DC
0x0800747C	t	0x24	sub_0800747C	code_08006878	gap 0800747C-0800817C
0x080074A0	t	0xB8	sub_080074A0	code_08006878	gap 080074A0-0800817C
0x08007558	t	0x8	sub_08007558	code_08006878	bl@08022AE8
0x08007560	t	0xC	sub_08007560	code_08006878	bl@08007EB2
0x0800756C	t	0x24	sub_0800756C	code_08006878	bl@08017982
0x08007590	t	0x1A0	sub_08007590	code_08006878	bl@0802CE12
0x08007730	t	0x104	sub_08007730	code_08006878	bl@08058816
0x08007834	t	0x160	sub_08007834	code_08006878	bl@08045EDA
0x08007994	t	0xB8	sub_08007994	code_08007994	bl@0800E340
0x08007A4C	t	0xD8	sub_08007A4C	code_08007994	bl@0800F6F0
0x08007B24	t	0x134	sub_08007B24	code_08007994	bl@08010F50
0x08007C58	t	0x88	sub_08007C58	code_08007994	bl@0800FB26
0x08007CE0	t	0x38	sub_08007CE0	code_08007994	bl@0800FB5E
0x08007D18	t	0x38	sub_08007D18	code_08007994	bl@08009F92
0x08007D50	t	0x118	sub_08007D50	code_08007994	gap 08007D50-08007E68
0x08007E68	t	0x68	sub_08007E68	code_08007994	bl@0801A960
0x08007ED0	t	0x78	sub_08007ED0	code_08007994	gap 08007ED0-0800817C
0x08007F48	t	0xA4	sub_08007F48	code_08007994	gap 08007F46-0800817C
0x08007FEC	t	0xC8	sub_08007FEC	code_08007994	gap 08007FEC-080080B4
0x080080B4	t	0x24	sub_080080B4	code_08007994	bl@0800F20C
0x080080D8	t	0xA4	sub_080080D8	code_08007994	bl@0800FBDE
0x0800817C	t	0xFC	sub_0800817C	code_08007994	bl@0801A818
0x08008278	t	0x28	sub_08008278	code_08007994	gap 08008278-0801A7DC
0x080082A0	t	0x60	sub_080082A0	code_08007994	gap 080082A0-0801A7DC
0x08008300	t	0xBC	sub_08008300	code_08007994	gap 08008300-0800849C
0x080083BC	t	0x70	sub_080083BC	code_08007994	gap 080083BC-0800849C
0x0800842C	t	0x70	sub_0800842C	code_08007994	gap 0800842C-0800849C
0x0800849C	t	0x88	sub_0800849C	code_08007994	bl@08017950
0x08008524	t	0x14	sub_08008524	code_08007994	bl@08046C2A
0x08008538	t	0x78	sub_08008538	code_08007994	gap 08008536-080085B0
0x080085B0	t	0x5C	sub_080085B0	code_08007994	bl@0800BF84
0x0800860C	t	0x5C	sub_0800860C	code_08007994	gap 0800860C-080086CC
0x08008668	t	0x64	sub_08008668	code_08007994	bl@080465B2
0x080086CC	t	0x64	sub_080086CC	code_08007994	bl@0801755A
0x08008730	t	0x64	sub_08008730	code_08007994	gap 08008730-080087EC
0x08008794	t	0x58	sub_08008794	code_08007994	gap 08008794-080087EC
0x080087EC	t	0x74	sub_080087EC	code_08007994	bl@0800C290
0x08008860	t	0x44	sub_08008860	code_08007994	bl@0800C21A
0x080088A4	t	0x9C	sub_080088A4	code_08007994	bl@0800BAD6
0x08008940	t	0xDC	sub_08008940	code_08007994	bl@08008A28
0x08008A1C	t	0x28	sub_08008A1C	code_08008A1C	bl@08014666
0x08008A44	t	0x28	sub_08008A44	code_08008A1C	bl@0801454E
0x08008A6C	t	0x8C	sub_08008A6C	code_08008A1C	gap 08008A6C-08008B70
0x08008AF8	t	0x78	sub_08008AF8	code_08008A1C	gap 08008AF8-08008B70
0x08008B70	t	0xB4	sub_08008B70	code_08008A1C	bl@0800BB0A
0x08008C24	t	0x48	sub_08008C24	code_08008A1C	bl@08008C76
0x08008C6C	t	0x28	sub_08008C6C	code_08008A1C	bl@08010606
0x08008C94	t	0x68	sub_08008C94	code_08008A1C	bl@08041FC4
0x08008CFC	t	0x40	sub_08008CFC	code_08008A1C	bl@080123D6
0x08008D3C	t	0x108	sub_08008D3C	code_08008A1C	bl@08008E64
0x08008E44	t	0x3C	sub_08008E44	code_08008A1C	bl@0800DBDC
0x08008E80	t	0x34	sub_08008E80	code_08008A1C	bl@0800DE6A
0x08008EB4	t	0x60	sub_08008EB4	code_08008A1C	bl@0800E20C
0x08008F14	t	0x60	sub_08008F14	code_08008A1C	bl@0800E46E
0x08008F74	t	0x68	sub_08008F74	code_08008A1C	gap 08008F72-08009038
0x08008FDC	t	0x5C	sub_08008FDC	code_08008A1C	bl@0804A46A
0x08009038	t	0x90	sub_08009038	code_08008A1C	bl@080090D4
0x080090C8	t	0x18	sub_080090C8	code_08008A1C	bl@0800A386
0x080090E0	t	0x70	sub_080090E0	code_08008A1C	gap 080090E0-08009298
0x08009150	t	0x64	sub_08009150	code_08008A1C	gap 08009150-08009298
0x080091B4	t	0x3C	sub_080091B4	code_08008A1C	gap 080091B4-08009298
0x080091F0	t	0x90	sub_080091F0	code_08008A1C	gap 080091F0-08009298
0x08009280	t	0x18	sub_08009280	code_08008A1C	gap 08009280-08009298
0x08009298	t	0xC4	sub_08009298	code_08008A1C	bl@0800A418
0x0800935C	t	0xC8	sub_0800935C	code_08008A1C	bl@0800EAB2
0x08009424	t	0xC0	sub_08009424	code_08008A1C	bl@08017762
0x080094E4	t	0x54	sub_080094E4	code_08008A1C	bl@0800ADCC
0x08009538	t	0x134	sub_08009538	code_08008A1C	bl@08017788
0x0800966C	t	0x88	sub_0800966C	code_08008A1C	gap 0800966C-080096F4
0x080096F4	t	0x74	sub_080096F4	code_08008A1C	bl@0800F374
0x08009768	t	0x88	sub_08009768	code_08008A1C	bl@0800F4D4
0x080097F0	t	0xD0	sub_080097F0	code_08008A1C	bl@08012DAA
0x080098C0	t	0x128	sub_080098C0	code_08008A1C	bl@08012EFC
0x080099E8	t	0x80	sub_080099E8	code_08008A1C	bl@08011114
0x08009A68	t	0x68	sub_08009A68	code_08009A68	bl@08009B80
0x08009AD0	t	0x78	sub_08009AD0	code_08009A68	bl@080101CE
0x08009B48	t	0x60	sub_08009B48	code_08009A68	bl@0800FE6A
0x08009BA8	t	0x60	sub_08009BA8	code_08009A68	bl@08010330
0x08009C08	t	0x5C	sub_08009C08	code_08009A68	bl@0800FE5E
0x08009C64	t	0x48	sub_08009C64	code_08009A68	gap 08009C64-08009D08
0x08009CAC	t	0x5C	sub_08009CAC	code_08009A68	gap 08009CAC-08009D08
0x08009D08	t	0x84	sub_08009D08	code_08009A68	bl@08011244
0x08009D8C	t	0x60	sub_08009D8C	code_08009A68	bl@08010438
0x08009DEC	t	0x60	sub_08009DEC	code_08009A68	gap 08009DEC-08009EAC
0x08009E4C	t	0x60	sub_08009E4C	code_08009A68	gap 08009E4C-08009EAC
0x08009EAC	t	0x11C	sub_08009EAC	code_08009A68	bl@080080CC
0x08009FC8	t	0x3C	sub_08009FC8	code_08009A68	gap 08009FC8-0800A004
0x0800A004	t	0xA4	sub_0800A004	code_08009A68	bl@08010BF2
0x0800A0A8	t	0xB0	sub_0800A0A8	code_08009A68	bl@080108C0
0x0800A158	t	0x6C	sub_0800A158	code_08009A68	gap 0800A158-0800A368
0x0800A1C4	t	0x6C	sub_0800A1C4	code_08009A68	gap 0800A1C2-0800A368
0x0800A230	t	0x78	sub_0800A230	code_08009A68	gap 0800A22E-0800A2A8
0x0800A2A8	t	0x5C	sub_0800A2A8	code_08009A68	bl@08048136
0x0800A304	t	0x64	sub_0800A304	code_08009A68	gap 0800A304-0800A368
0x0800A368	t	0x8C	sub_0800A368	code_08009A68	bl@0805FA9E
0x0800A3F4	t	0x3C	sub_0800A3F4	code_08009A68	bl@0800C702
0x0800A430	t	0x50	sub_0800A430	code_08009A68	gap 0800A430-0800A78C
0x0800A480	t	0x1E8	sub_0800A480	code_08009A68	gap 0800A480-0800A78C
0x0800A668	t	0x124	sub_0800A668	code_08009A68	gap 0800A668-0800A78C
0x0800A78C	t	0x140	sub_0800A78C	code_08009A68	bl@080143D2
0x0800A8CC	t	0xFC	sub_0800A8CC	code_08009A68	gap 0800A8CC-0800ABC8
0x0800A9C8	t	0x78	sub_0800A9C8	code_08009A68	gap 0800A9C8-0800ABC8
0x0800AA40	t	0xC8	sub_0800AA40	code_08009A68	bl@0800CDF0
0x0800AB08	t	0x64	sub_0800AB08	code_0800AB08	gap 0800AB08-0800ABC8
0x0800AB6C	t	0x5C	sub_0800AB6C	code_0800AB08	gap 0800AB6C-0800ABC8
0x0800ABC8	t	0x1CCC	sub_0800ABC8	code_0800AB08	bl@0805F72E
0x0800C894	t	0x14	sub_0800C894	code_0800C894	gap 0800C894-0800C8BC
0x0800C8A8	t	0x14	sub_0800C8A8	code_0800C894	gap 0800C8A6-0800C8BC
0x0800C8BC	t	0x234	sub_0800C8BC	code_0800C894	bl@080085E6
0x0800CAF0	t	0x128	sub_0800CAF0	code_0800C894	gap 0800CAF0-0800CE28
0x0800CC18	t	0xB4	sub_0800CC18	code_0800C894	gap 0800CC18-0800CE28
0x0800CCCC	t	0x58	sub_0800CCCC	code_0800C894	gap 0800CCCC-0800CD68
0x0800CD24	t	0x44	sub_0800CD24	code_0800C894	gap 0800CD24-0800CD68
0x0800CD68	t	0xC0	sub_0800CD68	code_0800C894	bl@08017C24
0x0800CE28	t	0x40C	sub_0800CE28	code_0800C894	bl@0801F0F8
0x0800D234	t	0x164	sub_0800D234	code_0800C894	bl@0801F0FE
0x0800D398	t	0xA4	sub_0800D398	code_0800C894	bl@0801F0F2
0x0800D43C	t	0x2C	sub_0800D43C	code_0800C894	bl@0801F104
0x0800D468	t	0x30	sub_0800D468	code_0800C894	bl@0801F0E6
0x0800D498	t	0x30	sub_0800D498	code_0800C894	bl@0801F0EC
0x0800D4C8	t	0x5C	sub_0800D4C8	code_0800C894	bl@0801F10A
0x0800D524	t	0x70	sub_0800D524	code_0800C894	bl@0801F110
0x0800D594	t	0xA0	sub_0800D594	code_0800C894	bl@0801F116
0x0800D634	t	0xA0	sub_0800D634	code_0800C894	bl@0801F11C
0x0800D6D4	t	0x28	sub_0800D6D4	code_0800C894	bl@0801F122
0x0800D6FC	t	0x88	sub_0800D6FC	code_0800C894	bl@0801F128
0x0800D784	t	0x50	sub_0800D784	code_0800C894	bl@0801F220
0x0800D7D4	t	0x50	sub_0800D7D4	code_0800C894	bl@0801F226
0x0800D824	t	0x40	sub_0800D824	code_0800C894	bl@0801F22C
0x0800D864	t	0x40	sub_0800D864	code_0800C894	bl@0801F232
0x0800D8A4	t	0xEC	sub_0800D8A4	code_0800D8A4	bl@0801F238
0x0800D990	t	0xF4	sub_0800D990	code_0800D8A4	bl@0801F23E
0x0800DA84	t	0x280	sub_0800DA84	code_0800D8A4	bl@0801F244
0x0800DD04	t	0x290	sub_0800DD04	code_0800D8A4	bl@0801F24A
0x0800DF94	t	0x24C	sub_0800DF94	code_0800D8A4	bl@0801F250
0x0800E1E0	t	0x258	sub_0800E1E0	code_0800D8A4	bl@0801F256
0x0800E438	t	0x1F8	sub_0800E438	code_0800D8A4	bl@0801F25C
0x0800E630	t	0x244	sub_0800E630	code_0800D8A4	bl@0801F262
0x0800E874	t	0x234	sub_0800E874	code_0800D8A4	bl@0801F26E
0x0800EAA8	t	0x34	sub_0800EAA8	code_0800EAA8	bl@0801F268
0x0800EADC	t	0x34	sub_0800EADC	code_0800EAA8	bl@0801F274
0x0800EB10	t	0x34	sub_0800EB10	code_0800EAA8	bl@0801F27A
0x0800EB44	t	0x5C	sub_0800EB44	code_0800EAA8	bl@0801F280
0x0800EBA0	t	0x54	sub_0800EBA0	code_0800EAA8	bl@0801F298
0x0800EBF4	t	0x60	sub_0800EBF4	code_0800EAA8	bl@0801F292
0x0800EC54	t	0x5C	sub_0800EC54	code_0800EAA8	bl@0801F28C
0x0800ECB0	t	0x6C	sub_0800ECB0	code_0800EAA8	bl@0801F286
0x0800ED1C	t	0x3C	sub_0800ED1C	code_0800EAA8	bl@0801F29E
0x0800ED58	t	0x74	sub_0800ED58	code_0800EAA8	bl@0801F2A4
0x0800EDCC	t	0x84	sub_0800EDCC	code_0800EAA8	bl@0801F2AA
0x0800EE50	t	0xE8	sub_0800EE50	code_0800EAA8	bl@0801F2B0
0x0800EF38	t	0x1C0	sub_0800EF38	code_0800EAA8	bl@0801F1C0
0x0800F0F8	t	0x19C	sub_0800F0F8	code_0800EAA8	bl@0801F1AE
0x0800F294	t	0x13C	sub_0800F294	code_0800EAA8	bl@0801F1B4
0x0800F3D0	t	0x174	sub_0800F3D0	code_0800EAA8	bl@0801F1BA
0x0800F544	t	0x134	sub_0800F544	code_0800EAA8	bl@0801F1C6
0x0800F678	t	0x38	sub_0800F678	code_0800EAA8	bl@0801F1CC
0x0800F6B0	t	0x140	sub_0800F6B0	code_0800EAA8	bl@0801F1D2
0x0800F7F0	t	0x108	sub_0800F7F0	code_0800EAA8	bl@0801F1D8
0x0800F8F8	t	0x10C	sub_0800F8F8	code_0800EAA8	bl@0801F1DE
0x0800FA04	t	0x10C	sub_0800FA04	code_0800EAA8	bl@0801F412
0x0800FB10	t	0x38	sub_0800FB10	code_0800FB10	bl@0801F1EA
0x0800FB48	t	0x38	sub_0800FB48	code_0800FB10	bl@0801F1F0
0x0800FB80	t	0x48	sub_0800FB80	code_0800FB10	bl@0801F1E4
0x0800FBC8	t	0x38	sub_0800FBC8	code_0800FB10	bl@0801F40C
0x0800FC00	t	0x1D0	sub_0800FC00	code_0800FB10	bl@0801F3D0
0x0800FDD0	t	0x134	sub_0800FDD0	code_0800FB10	bl@0801F3C4
0x0800FF04	t	0x134	sub_0800FF04	code_0800FB10	bl@0801F3CA
0x08010038	t	0xEC	sub_08010038	code_0800FB10	bl@0801F3D6
0x08010124	t	0x3C	sub_08010124	code_0800FB10	bl@0801F3DC
0x08010160	t	0x150	sub_08010160	code_0800FB10	bl@0801F3E8
0x080102B0	t	0x12C	sub_080102B0	code_0800FB10	bl@0801F3E2
0x080103DC	t	0xDC	sub_080103DC	code_0800FB10	bl@0801F418
0x080104B8	t	0x34	sub_080104B8	code_0800FB10	bl@0801F3EE
0x080104EC	t	0x4C	sub_080104EC	code_0800FB10	bl@0801F3F4
0x08010538	t	0x184	sub_08010538	code_0800FB10	bl@0801F3FA
0x080106BC	t	0x4C	sub_080106BC	code_0800FB10	bl@0801F400
0x08010708	t	0x8C	sub_08010708	code_0800FB10	bl@0801F406
0x08010794	t	0x168	sub_08010794	code_0800FB10	bl@0801F376
0x080108FC	t	0x160	sub_080108FC	code_0800FB10	bl@0801F37C
0x08010A5C	t	0x180	sub_08010A5C	code_0800FB10	bl@0801F382
0x08010BDC	t	0x38	sub_08010BDC	code_08010BDC	bl@0801F388
0x08010C14	t	0x180	sub_08010C14	code_08010BDC	bl@0801F38E
0x08010D94	t	0x1F0	sub_08010D94	code_08010BDC	bl@0801F394
0x08010F84	t	0x28	sub_08010F84	code_08010BDC	bl@0801F3A6
0x08010FAC	t	0x38	sub_08010FAC	code_08010BDC	bl@0801F3A0
0x08010FE4	t	0x164	sub_08010FE4	code_08010BDC	bl@0801F3B8
0x08011148	t	0x130	sub_08011148	code_08010BDC	bl@0801F3BE
0x08011278	t	0x220	sub_08011278	code_08010BDC	bl@0801F39A
0x08011498	t	0x178	sub_08011498	code_08010BDC	bl@0801F3AC
0x08011610	t	0x170	sub_08011610	code_08010BDC	bl@0801F3B2
0x08011780	t	0x230	sub_08011780	code_08010BDC	gap 08011780-08011C18
0x080119B0	t	0x48	sub_080119B0	code_08010BDC	gap 080119B0-08011C18
0x080119F8	t	0x1E8	sub_080119F8	code_08010BDC	gap 080119F8-08011C18
0x08011BE0	t	0x38	sub_08011BE0	code_08011BE0	gap 08011BE0-08011C18
0x08011C18	t	0x80	sub_08011C18	code_08011BE0	bl@0801F358
0x08011C98	t	0x1C	sub_08011C98	code_08011BE0	bl@0801F35E
0x08011CB4	t	0x284	sub_08011CB4	code_08011BE0	bl@0801F364
0x08011F38	t	0x68	sub_08011F38	code_08011BE0	bl@0801F36A
0x08011FA0	t	0x5C	sub_08011FA0	code_08011BE0	bl@0801F370
0x08011FFC	t	0xE4	sub_08011FFC	code_08011BE0	bl@0801F2B6
0x080120E0	t	0x184	sub_080120E0	code_08011BE0	bl@0801F2BC
0x08012264	t	0x50	sub_08012264	code_08011BE0	bl@0801F2C2
0x080122B4	t	0x234	sub_080122B4	code_08011BE0	bl@0801F2C8
0x080124E8	t	0x188	sub_080124E8	code_08011BE0	bl@0801F2CE
0x08012670	t	0x64	sub_08012670	code_08011BE0	bl@0801F2D4
0x080126D4	t	0x1C	sub_080126D4	code_08011BE0	gap 080126D4-080126F0
0x080126F0	t	0x1C	sub_080126F0	code_08011BE0	bl@0801F2EC
0x0801270C	t	0x1C	sub_0801270C	code_08011BE0	bl@0801F2F2
0x08012728	t	0x1C	sub_08012728	code_08011BE0	bl@0801F2F8
0x08012744	t	0x1C	sub_08012744	code_08011BE0	bl@0801F2FE
0x08012760	t	0x1C	sub_08012760	code_08011BE0	bl@0801F304
0x0801277C	t	0x1C	sub_0801277C	code_08011BE0	bl@0801F30A
0x08012798	t	0x48	sub_08012798	code_08011BE0	bl@0801F2E6
0x080127E0	t	0x54	sub_080127E0	code_08011BE0	bl@0801F2E0
0x08012834	t	0x54	sub_08012834	code_08011BE0	bl@0801F2DA
0x08012888	t	0x1C	sub_08012888	code_08011BE0	bl@0801F310
0x080128A4	t	0x54	sub_080128A4	code_08011BE0	bl@0801F31C
0x080128F8	t	0x58	sub_080128F8	code_08011BE0	bl@0801F322
0x08012950	t	0x1C	sub_08012950	code_08011BE0	gap 08012950-0801296C
0x0801296C	t	0x174	sub_0801296C	code_08011BE0	bl@0801F328
0x08012AE0	t	0x54	sub_08012AE0	code_08011BE0	bl@0801F32E
0x08012B34	t	0x118	sub_08012B34	code_08011BE0	bl@0801F340
0x08012C4C	t	0x130	sub_08012C4C	code_08012C4C	bl@0801F346
0x08012D7C	t	0x158	sub_08012D7C	code_08012C4C	bl@0801F34C
0x08012ED4	t	0xD0	sub_08012ED4	code_08012C4C	bl@0801F352
0x08012FA4	t	0x160	sub_08012FA4	code_08012C4C	bl@0801F334
0x08013104	t	0x50	sub_08013104	code_08012C4C	bl@0801F33A
0x08013154	t	0x3C	sub_08013154	code_08012C4C	bl@0801F316
0x08013190	t	0x200	sub_08013190	code_08012C4C	bl@0801F092
0x08013390	t	0x15C	sub_08013390	code_08012C4C	bl@0801F12E
0x080134EC	t	0x30C	sub_080134EC	code_08012C4C	bl@0801F134
0x080137F8	t	0x90	sub_080137F8	code_08012C4C	bl@08013A10
0x08013888	t	0x328	sub_08013888	code_08012C4C	bl@0801F144
0x08013BB0	t	0x12C	sub_08013BB0	code_08012C4C	bl@0801F0D4
0x08013CDC	t	0x340	sub_08013CDC	code_08013CDC	bl@0801F080
0x0801401C	t	0x6F4	sub_0801401C	code_08013CDC	bl@0801F086
0x08014710	t	0xF4	sub_08014710	code_08013CDC	bl@0801F08C
0x08014804	t	0x40	sub_08014804	code_08013CDC	bl@0801F14A
0x08014844	t	0x40	sub_08014844	code_08013CDC	bl@0801F150
0x08014884	t	0x40	sub_08014884	code_08013CDC	bl@0801F156
0x080148C4	t	0x50	sub_080148C4	code_08013CDC	bl@0801F15C
0x08014914	t	0x50	sub_08014914	code_08013CDC	bl@0801F162
0x08014964	t	0x74	sub_08014964	code_08013CDC	bl@0801F168
0x080149D8	t	0x4C	sub_080149D8	code_08013CDC	bl@0801F16E
0x08014A24	t	0x40	sub_08014A24	code_08013CDC	bl@0801F0DA
0x08014A64	t	0x44	sub_08014A64	code_08013CDC	bl@0801F0E0
0x08014AA8	t	0xB4	sub_08014AA8	code_08013CDC	bl@0801F174
0x08014B5C	t	0x50	sub_08014B5C	code_08013CDC	bl@0801F17A
0x08014BAC	t	0x84	sub_08014BAC	code_08013CDC	bl@0801F1F6
0x08014C30	t	0x4AC	sub_08014C30	code_08013CDC	bl@0801F1FC
0x080150DC	t	0x2F8	sub_080150DC	code_080150DC	bl@0801F202
0x080153D4	t	0x34C	sub_080153D4	code_080150DC	bl@0801F208
0x08015720	t	0x30C	sub_08015720	code_080150DC	bl@0801F20E
0x08015A2C	t	0x414	sub_08015A2C	code_080150DC	bl@0801F214
0x08015E40	t	0x484	sub_08015E40	code_080150DC	bl@0801F21A
0x080162C4	t	0x160	sub_080162C4	code_080162C4	bl@0801F0B6
0x08016424	t	0x3C	sub_08016424	code_080162C4	bl@0801F0C2
0x08016460	t	0x28	sub_08016460	code_080162C4	bl@0801F0C8
0x08016488	t	0x48	sub_08016488	code_080162C4	bl@0801F0BC
0x080164D0	t	0x378	sub_080164D0	code_080162C4	bl@0801F198
0x08016848	t	0x1D0	sub_08016848	code_080162C4	bl@0801F1A8
0x08016A18	t	0x30C	sub_08016A18	code_080162C4	bl@0801F0A4
0x08016D24	t	0x150	sub_08016D24	code_080162C4	bl@0801F0AA
0x08016E74	t	0x44	sub_08016E74	code_080162C4	bl@0801F0B0
0x08016EB8	t	0x16C	sub_08016EB8	code_080162C4	bl@0801F0CE
0x08017024	t	0x60	sub_08017024	code_080162C4	bl@0801F098
0x08017084	t	0x60	sub_08017084	code_080162C4	bl@0801F09E
0x080170E4	t	0x78	sub_080170E4	code_080162C4	bl@0801F41E
0x0801715C	t	0x74	sub_0801715C	code_080162C4	bl@0801F424
0x080171D0	t	0x6C	sub_080171D0	code_080162C4	bl@0801F42A
0x0801723C	t	0x6C	sub_0801723C	code_080162C4	bl@0801F436
0x080172A8	t	0x6C	sub_080172A8	code_080162C4	bl@0801F430
0x08017314	t	0x14C	sub_08017314	code_08017314	bl@080177A6
0x08017460	t	0x654	sub_08017460	code_08017314	bl@0801857E
0x08017AB4	t	0x28	sub_08017AB4	code_08017314	gap 08017AB4-08017ADC
0x08017ADC	t	0x28	sub_08017ADC	code_08017314	bl@08013F12
0x08017B04	t	0x108	sub_08017B04	code_08017314	gap 08017B04-08017D38
0x08017C0C	t	0x3C	sub_08017C0C	code_08017314	gap 08017C0C-08017D38
0x08017C48	t	0xF0	sub_08017C48	code_08017314	bl@0801849E
0x08017D38	t	0xA8	sub_08017D38	code_08017314	bl@08017F6E
0x08017DE0	t	0x1B8	sub_08017DE0	code_08017314	bl@0801761E
0x08017F98	t	0x5C	sub_08017F98	code_08017314	gap 08017F98-080184D8
0x08017FF4	t	0x28C	sub_08017FF4	code_08017314	gap 08017FF4-080184D8
0x08018280	t	0x258	sub_08018280	code_08017314	bl@0803DC1A
0x080184D8	t	0x6C	sub_080184D8	code_080184D8	bl@080174FA
0x08018544	t	0xDC	sub_08018544	code_080184D8	bl@080140D2
0x08018620	t	0x44	sub_08018620	code_080184D8	gap 08018620-08019078
0x08018664	t	0x2C	sub_08018664	code_080184D8	gap 08018664-08019078
0x08018690	t	0x36C	sub_08018690	code_080184D8	gap 08018690-080189FC
0x080189FC	t	0xEC	sub_080189FC	code_080184D8	bl@0803DC36
0x08018AE8	t	0x154	sub_08018AE8	code_080184D8	gap 08018AE8-08018DC8
0x08018C3C	t	0x128	sub_08018C3C	code_080184D8	gap 08018C3C-08018DC8
0x08018D64	t	0x64	sub_08018D64	code_080184D8	gap 08018D64-08018DC8
0x08018DC8	t	0x110	sub_08018DC8	code_080184D8	bl@08058976
0x08018ED8	t	0x1A0	sub_08018ED8	code_080184D8	bl@080493F8
0x08019078	t	0x124	sub_08019078	code_080184D8	bl@0801744C
0x0801919C	t	0x214	sub_0801919C	code_080184D8	gap 0801919C-080197C0
0x080193B0	t	0x24	sub_080193B0	code_080184D8	gap 080193B0-080197C0
0x080193D4	t	0x180	sub_080193D4	code_080184D8	bl@0801E45A
0x08019554	t	0x7C	sub_08019554	code_08019554	gap 08019554-0801965C
0x080195D0	t	0x8C	sub_080195D0	code_08019554	gap 080195D0-0801965C
0x0801965C	t	0x20	sub_0801965C	code_08019554	bl@08048BDC
0x0801967C	t	0x90	sub_0801967C	code_08019554	gap 0801967C-080197C0
0x0801970C	t	0x7C	sub_0801970C	code_08019554	gap 0801970A-080197C0
0x08019788	t	0x38	sub_08019788	code_08019554	gap 08019788-080197C0
0x080197C0	t	0x20	sub_080197C0	code_08019554	bl@08019168
0x080197E0	t	0x20	sub_080197E0	code_08019554	bl@0801467A
0x08019800	t	0x20	sub_08019800	code_08019554	bl@080185AE
0x08019820	t	0x20	sub_08019820	code_08019554	gap 08019820-08019860
0x08019840	t	0x20	sub_08019840	code_08019554	bl@08019B94
0x08019860	t	0x34	sub_08019860	code_08019554	bl@080178F2
0x08019894	t	0xEC	sub_08019894	code_08019554	gap 08019894-08019980
0x08019980	t	0x60	sub_08019980	code_08019554	bl@08017A02
0x080199E0	t	0x2F0	sub_080199E0	code_08019554	gap 080199E0-0801A7DC
0x08019CD0	t	0x20	sub_08019CD0	code_08019554	gap 08019CD0-0801A7B4
0x08019CF0	t	0x11C	sub_08019CF0	code_08019554	gap 08019CF0-0801A7B4
0x08019E0C	t	0x204	sub_08019E0C	code_08019554	gap 08019E0C-0801A09C
0x0801A010	t	0x8C	sub_0801A010	code_08019554	gap 0801A010-0801A09C
0x0801A09C	t	0x94	sub_0801A09C	code_08019554	bl@08046DAA
0x0801A130	t	0x68	sub_0801A130	code_08019554	gap 0801A12E-0801A7B4
0x0801A198	t	0x20	sub_0801A198	code_08019554	gap 0801A196-0801A7B4
0x0801A1B8	t	0x80	sub_0801A1B8	code_08019554	gap 0801A1B6-0801A7B4
0x0801A238	t	0xF4	sub_0801A238	code_08019554	gap 0801A238-0801A7B4
0x0801A32C	t	0x488	sub_0801A32C	code_08019554	gap 0801A32C-0801A7B4
0x0801A7B4	t	0x18	sub_0801A7B4	code_0801A7B4	bl@08023C40
0x0801A7CC	t	0x4	sub_0801A7CC	code_0801A7B4	gap 0801A7CC-0801A7DC
0x0801A7D0	t	0x4	sub_0801A7D0	code_0801A7B4	gap 0801A7CE-0801A7DC
0x0801A7D4	t	0x4	sub_0801A7D4	code_0801A7B4	gap 0801A7D2-0801A7DC
0x0801A7D8	t	0x4	sub_0801A7D8	code_0801A7B4	gap 0801A7D6-0801A7DC
0x0801A7DC	t	0x8	sub_0801A7DC	code_0801A7B4	bl@08077482
0x0801A7E4	t	0x4	sub_0801A7E4	code_0801A7B4	gap 0801A7E2-0801A7E8
0x0801A7E8	t	0x4	sub_0801A7E8	code_0801A7B4	bl@08077486
0x0801A7EC	t	0x4	sub_0801A7EC	code_0801A7B4	gap 0801A7EA-08063BAC
0x0801A7F0	t	0x4	sub_0801A7F0	code_0801A7B4	gap 0801A7EE-08026C90
0x0801A7F4	t	0xB0	sub_0801A7F4	code_0801A7B4	gap 0801A7F2-08026C90
0x0801A8A4	t	0x28	sub_0801A8A4	code_0801A7B4	gap 0801A8A4-08026C90
0x0801A8CC	t	0x2D4	sub_0801A8CC	code_0801A7B4	gap 0801A8CC-08026C90
0x0801ABA0	t	0x2C	sub_0801ABA0	code_0801A7B4	gap 0801ABA0-0801F744
0x0801ABCC	t	0x7C	sub_0801ABCC	code_0801A7B4	gap 0801ABCC-0801EC58
0x0801AC48	t	0x34	sub_0801AC48	code_0801A7B4	gap 0801AC48-0801E998
0x0801AC7C	t	0xC	sub_0801AC7C	code_0801A7B4	gap 0801AC7C-0801D840
0x0801AC88	t	0x90	sub_0801AC88	code_0801A7B4	gap 0801AC88-0801D840
0x0801AD18	t	0xC8	sub_0801AD18	code_0801A7B4	gap 0801AD18-0801D840
0x0801ADE0	t	0x4C	sub_0801ADE0	code_0801A7B4	gap 0801ADE0-0801D840
0x0801AE2C	t	0x814	sub_0801AE2C	code_0801A7B4	gap 0801AE2C-0801D840
0x0801B640	t	0x94	sub_0801B640	code_0801A7B4	gap 0801B640-0801D840
0x0801B6D4	t	0x88	sub_0801B6D4	code_0801A7B4	gap 0801B6D4-0801D840
0x0801B75C	t	0x5A0	sub_0801B75C	code_0801A7B4	gap 0801B75C-0801D840
0x0801BCFC	t	0x110	sub_0801BCFC	code_0801BCFC	gap 0801BCFC-0801D840
0x0801BE0C	t	0x4C	sub_0801BE0C	code_0801BCFC	gap 0801BE0C-0801D840
0x0801BE58	t	0x38	sub_0801BE58	code_0801BCFC	gap 0801BE58-0801D840
0x0801BE90	t	0xF0	sub_0801BE90	code_0801BCFC	gap 0801BE90-0801D840
0x0801BF80	t	0x9B8	sub_0801BF80	code_0801BCFC	gap 0801BF80-0801D840
0x0801C938	t	0x530	sub_0801C938	code_0801BCFC	gap 0801C936-0801D840
0x0801CE68	t	0x2D8	sub_0801CE68	code_0801CE68	gap 0801CE68-0801D840
0x0801D140	t	0x18	sub_0801D140	code_0801CE68	gap 0801D13E-0801D840
0x0801D158	t	0x90	sub_0801D158	code_0801CE68	gap 0801D158-0801D840
0x0801D1E8	t	0x7C	sub_0801D1E8	code_0801CE68	gap 0801D1E8-0801D840
0x0801D264	t	0x5DC	sub_0801D264	code_0801CE68	gap 0801D264-0801D840
0x0801D840	t	0x120	sub_0801D840	code_0801CE68	bl@0801E1E0
0x0801D960	t	0x98	sub_0801D960	code_0801CE68	bl@0801E1E4
0x0801D9F8	t	0x20C	sub_0801D9F8	code_0801CE68	bl@0801E1DC
0x0801DC04	t	0x65C	sub_0801DC04	code_0801CE68	bl@080425DE
0x0801E260	t	0x6E4	sub_0801E260	code_0801E260	gap 0801E260-0801E998
0x0801E944	t	0x54	sub_0801E944	code_0801E260	gap 0801E944-0801E998
0x0801E998	t	0x84	sub_0801E998	code_0801E260	bl@08017048
0x0801EA1C	t	0x60	sub_0801EA1C	code_0801E260	gap 0801EA1C-0801EAD8
0x0801EA7C	t	0x20	sub_0801EA7C	code_0801E260	gap 0801EA7C-0801EAD8
0x0801EA9C	t	0x3C	sub_0801EA9C	code_0801E260	gap 0801EA9C-0801EAD8
0x0801EAD8	t	0x44	sub_0801EAD8	code_0801E260	bl@08017064
0x0801EB1C	t	0x44	sub_0801EB1C	code_0801E260	gap 0801EB1A-0801EBA8
0x0801EB60	t	0x48	sub_0801EB60	code_0801E260	gap 0801EB60-0801EBA8
0x0801EBA8	t	0xB0	sub_0801EBA8	code_0801E260	bl@08016FBE
0x0801EC58	t	0x50	sub_0801EC58	code_0801E260	bl@0801F8EE
0x0801ECA8	t	0x7AC	sub_0801ECA8	code_0801E260	gap 0801ECA8-0801F744
0x0801F454	t	0x1D4	sub_0801F454	code_0801F454	gap 0801F454-0801F744
0x0801F628	t	0x11C	sub_0801F628	code_0801F454	gap 0801F628-0801F744
0x0801F744	t	0xD8	sub_0801F744	code_0801F454	bl@0801A92A
0x0801F81C	t	0x160	sub_0801F81C	code_0801F454	gap 0801F81C-0802297C
0x0801F97C	t	0xCC	sub_0801F97C	code_0801F454	gap 0801F97C-0802297C
0x0801FA48	t	0x48	sub_0801FA48	code_0801F454	gap 0801FA48-0801FA90
0x0801FA90	t	0x13C	sub_0801FA90	code_0801F454	bl@0801FBD6
0x0801FBCC	t	0x14	sub_0801FBCC	code_0801F454	bl@08017A6C
0x0801FBE0	t	0x14	sub_0801FBE0	code_0801F454	gap 0801FBDE-0802297C
0x0801FBF4	t	0xB4	sub_0801FBF4	code_0801F454	bl@080239D4
0x0801FCA8	t	0xC0	sub_0801FCA8	code_0801F454	gap 0801FCA8-0801FD68
0x0801FD68	t	0xEC	sub_0801FD68	code_0801F454	bl@08042EA4
0x0801FE54	t	0x4C	sub_0801FE54	code_0801F454	gap 0801FE54-080225D8
0x0801FEA0	t	0x490	sub_0801FEA0	code_0801F454	gap 0801FE9E-080225D8
0x08020330	t	0x7C4	sub_08020330	code_0801F454	gap 08020330-080225D8
0x08020AF4	t	0x8CC	sub_08020AF4	code_08020AF4	gap 08020AF4-080225D8
0x080213C0	t	0x1C0	sub_080213C0	code_08020AF4	gap 080213C0-080225D8
0x08021580	t	0x4C	sub_08021580	code_08020AF4	gap 0802157E-080225D8
0x080215CC	t	0x5C	sub_080215CC	code_08020AF4	gap 080215CA-080225D8
0x08021628	t	0x20C	sub_08021628	code_08020AF4	gap 08021628-080225D8
0x08021834	t	0x78	sub_08021834	code_08020AF4	gap 08021834-080225D8
0x080218AC	t	0x19C	sub_080218AC	code_08020AF4	gap 080218AC-080225D8
0x08021A48	t	0x280	sub_08021A48	code_08020AF4	gap 08021A48-080225D8
0x08021CC8	t	0x4	sub_08021CC8	code_08021CC8	gap 08021CC8-08021DA8
0x08021CCC	t	0x20	sub_08021CCC	code_08021CC8	gap 08021CCC-08021DA8
0x08021CEC	t	0xBC	sub_08021CEC	code_08021CC8	gap 08021CEC-08021DA8
0x08021DA8	t	0x120	sub_08021DA8	code_08021CC8	bl@08022508
0x08021EC8	t	0x20C	sub_08021EC8	code_08021CC8	bl@08022542
0x080220D4	t	0x88	sub_080220D4	code_08021CC8	bl@0802255C
0x0802215C	t	0x88	sub_0802215C	code_08021CC8	bl@08022572
0x080221E4	t	0x88	sub_080221E4	code_08021CC8	bl@0802258C
0x0802226C	t	0x8C	sub_0802226C	code_08021CC8	bl@08022528
0x080222F8	t	0x2E0	sub_080222F8	code_08021CC8	bl@08021B02
0x080225D8	t	0xA0	sub_080225D8	code_08021CC8	bl@08022710
0x08022678	t	0x54	sub_08022678	code_08021CC8	bl@080227C2
0x080226CC	t	0x60	sub_080226CC	code_08021CC8	bl@08023A22
0x0802272C	t	0x2C	sub_0802272C	code_08021CC8	gap 0802272C-08022784
0x08022758	t	0x2C	sub_08022758	code_08021CC8	gap 08022758-08022784
0x08022784	t	0x48	sub_08022784	code_08021CC8	bl@080198F6
0x080227CC	t	0x48	sub_080227CC	code_08021CC8	gap 080227CC-0802297C
0x08022814	t	0x10	sub_08022814	code_08021CC8	gap 08022814-0802297C
0x08022824	t	0x10	sub_08022824	code_08021CC8	gap 08022824-0802297C
0x08022834	t	0xE0	sub_08022834	code_08021CC8	gap 08022834-0802297C
0x08022914	t	0x48	sub_08022914	code_08021CC8	gap 08022914-0802297C
0x0802295C	t	0x20	sub_0802295C	code_08021CC8	gap 0802295C-0802297C
0x0802297C	t	0x40	sub_0802297C	code_08021CC8	bl@0801AB0C
0x080229BC	t	0x30	sub_080229BC	code_08021CC8	gap 080229BC-08022A9C
0x080229EC	t	0xB0	sub_080229EC	code_08021CC8	gap 080229EA-08022A9C
0x08022A9C	t	0xB0	sub_08022A9C	code_08021CC8	bl@0801AA62
0x08022B4C	t	0xB0	sub_08022B4C	code_08021CC8	gap 08022B4C-08022BFC
0x08022BFC	t	0xB0	sub_08022BFC	code_08021CC8	bl@0801AAD2
0x08022CAC	t	0xB0	sub_08022CAC	code_08021CC8	gap 08022CAC-08026C90
0x08022D5C	t	0x4CC	sub_08022D5C	code_08022D5C	gap 08022D5C-08026C90
0x08023228	t	0xE64	sub_08023228	code_08022D5C	gap 08023228-0802408C
0x0802408C	t	0x1C	sub_0802408C	code_0802408C	bl@080240C2
0x080240A8	t	0x2C	sub_080240A8	code_0802408C	bl@0801403E
0x080240D4	t	0x60	sub_080240D4	code_0802408C	bl@08024198
0x08024134	t	0x90	sub_08024134	code_0802408C	bl@08016D80
0x080241C4	t	0x2C	sub_080241C4	code_0802408C	bl@08013B84
0x080241F0	t	0x28	sub_080241F0	code_0802408C	bl@0800EFC2
0x08024218	t	0x10	sub_08024218	code_0802408C	bl@0800F032
0x08024228	t	0x20	sub_08024228	code_0802408C	bl@0800EFF8
0x08024248	t	0x20	sub_08024248	code_0802408C	gap 08024248-08024288
0x08024268	t	0x20	sub_08024268	code_0802408C	gap 08024268-08024288
0x08024288	t	0x3C	sub_08024288	code_0802408C	bl@0800D942
0x080242C4	t	0x68	sub_080242C4	code_0802408C	bl@0800F1DA
0x0802432C	t	0x54	sub_0802432C	code_0802408C	bl@0800EA5E
0x08024380	t	0x4C	sub_08024380	code_0802408C	bl@0800DB76
0x080243CC	t	0x74	sub_080243CC	code_0802408C	gap 080243CC-08026C90
0x08024440	t	0x268	sub_08024440	code_0802408C	gap 0802443E-08026C90
0x080246A8	t	0x9C	sub_080246A8	code_0802408C	gap 080246A8-08026C90
0x08024744	t	0x35C	sub_08024744	code_0802408C	gap 08024744-08025344
0x08024AA0	t	0x218	sub_08024AA0	code_0802408C	gap 08024AA0-08024D48
0x08024CB8	t	0x38	sub_08024CB8	code_0802408C	gap 08024CB8-08024D48
0x08024CF0	t	0x58	sub_08024CF0	code_0802408C	gap 08024CF0-08024D48
0x08024D48	t	0x8C	sub_08024D48	code_0802408C	bl@080248C4
0x08024DD4	t	0x50	sub_08024DD4	code_0802408C	gap 08024DD2-08025344
0x08024E24	t	0xA4	sub_08024E24	code_0802408C	gap 08024E22-08024EC8
0x08024EC8	t	0xF4	sub_08024EC8	code_0802408C	bl@08024C3E
0x08024FBC	t	0x98	sub_08024FBC	code_0802408C	bl@08024C46
0x08025054	t	0xB4	sub_08025054	code_0802408C	bl@08024C66
0x08025108	t	0x54	sub_08025108	code_08025108	bl@08024C5C
0x0802515C	t	0x6C	sub_0802515C	code_08025108	bl@08024C54
0x080251C8	t	0x38	sub_080251C8	code_08025108	bl@08024AE8
0x08025200	t	0x58	sub_08025200	code_08025108	bl@08024F9A
0x08025258	t	0x7C	sub_08025258	code_08025108	bl@08024AAA
0x080252D4	t	0x70	sub_080252D4	code_08025108	bl@08024AB0
0x08025344	t	0x30	sub_08025344	code_08025108	bl@0802471A
0x08025374	t	0xBC	sub_08025374	code_08025108	gap 08025374-08026C90
0x08025430	t	0x74	sub_08025430	code_08025108	gap 08025430-08026C90
0x080254A4	t	0x24	sub_080254A4	code_08025108	gap 080254A4-08026C90
0x080254C8	t	0xEC	sub_080254C8	code_08025108	gap 080254C8-08026C90
0x080255B4	t	0x124	sub_080255B4	code_08025108	gap 080255B4-08026C90
0x080256D8	t	0x304	sub_080256D8	code_08025108	gap 080256D8-08026C90
0x080259DC	t	0x2DC	sub_080259DC	code_08025108	gap 080259DA-08026C90
0x08025CB8	t	0x138	sub_08025CB8	code_08025108	gap 08025CB8-08026C90
0x08025DF0	t	0x160	sub_08025DF0	code_08025108	gap 08025DEE-08026C90
0x08025F50	t	0x74	sub_08025F50	code_08025108	gap 08025F50-08026C90
0x08025FC4	t	0x24	sub_08025FC4	code_08025108	gap 08025FC4-08026C90
0x08025FE8	t	0x24	sub_08025FE8	code_08025108	gap 08025FE8-08026C90
0x0802600C	t	0x24	sub_0802600C	code_08025108	gap 0802600C-08026C90
0x08026030	t	0xBC	sub_08026030	code_08025108	gap 08026030-08026C90
0x080260EC	t	0x38	sub_080260EC	code_08025108	gap 080260EC-08026C90
0x08026124	t	0x38	sub_08026124	code_08026124	gap 08026124-08026C90
0x0802615C	t	0x38	sub_0802615C	code_08026124	gap 0802615C-08026C90
0x08026194	t	0x14	sub_08026194	code_08026124	gap 08026194-08026C90
0x080261A8	t	0x38	sub_080261A8	code_08026124	gap 080261A8-08026C90
0x080261E0	t	0x40	sub_080261E0	code_08026124	gap 080261E0-08026C90
0x08026220	t	0x9C	sub_08026220	code_08026124	gap 08026220-08026C90
0x080262BC	t	0xCC	sub_080262BC	code_08026124	gap 080262BC-08026C90
0x08026388	t	0x28	sub_08026388	code_08026124	gap 08026388-08026C90
0x080263B0	t	0x18	sub_080263B0	code_08026124	gap 080263AE-08026C90
0x080263C8	t	0x10C	sub_080263C8	code_08026124	gap 080263C8-08026C90
0x080264D4	t	0x1D0	sub_080264D4	code_08026124	gap 080264D4-08026C90
0x080266A4	t	0x240	sub_080266A4	code_08026124	gap 080266A4-08026C90
0x080268E4	t	0x118	sub_080268E4	code_08026124	gap 080268E4-08026C90
0x080269FC	t	0xE4	sub_080269FC	code_08026124	gap 080269FC-08026C90
0x08026AE0	t	0xC8	sub_08026AE0	code_08026124	gap 08026AE0-08026C90
0x08026BA8	t	0x28	sub_08026BA8	code_08026124	gap 08026BA8-08026C90
0x08026BD0	t	0x68	sub_08026BD0	code_08026124	gap 08026BD0-08026C90
0x08026C38	t	0x58	sub_08026C38	code_08026124	gap 08026C38-08026C90
0x08026C90	t	0x38	sub_08026C90	code_08026124	bl@08074414
0x08026CC8	t	0x68	sub_08026CC8	code_08026124	gap 08026CC8-08063BAC
0x08026D30	t	0x30	sub_08026D30	code_08026124	gap 08026D30-08027C58
0x08026D60	t	0x24	sub_08026D60	code_08026124	gap 08026D60-08027C58
0x08026D84	t	0x44	sub_08026D84	code_08026124	gap 08026D84-08027C58
0x08026DC8	t	0x48	sub_08026DC8	code_08026124	gap 08026DC6-08027C58
0x08026E10	t	0x74	sub_08026E10	code_08026124	gap 08026E10-08027C58
0x08026E84	t	0x6FC	sub_08026E84	code_08026124	gap 08026E84-08027C58
0x08027580	t	0xA0	sub_08027580	code_08027580	gap 08027580-08027C58
0x08027620	t	0x50	sub_08027620	code_08027580	gap 08027620-08027C58
0x08027670	t	0xE4	sub_08027670	code_08027580	gap 08027670-08027C58
0x08027754	t	0x258	sub_08027754	code_08027580	gap 08027754-08027C58
0x080279AC	t	0x288	sub_080279AC	code_08027580	gap 080279AC-08027C58
0x08027C34	t	0x24	sub_08027C34	code_08027580	gap 08027C32-08027C58
0x08027C58	t	0x38	sub_08027C58	code_08027580	bl@0807445C
0x08027C90	t	0x14	sub_08027C90	code_08027580	gap 08027C90-08063BAC
0x08027CA4	t	0x14	sub_08027CA4	code_08027580	gap 08027CA4-08027CB8
0x08027CB8	t	0x24	sub_08027CB8	code_08027580	bl@08024C7A
0x08027CDC	t	0x40	sub_08027CDC	code_08027580	bl@08024C80
0x08027D1C	t	0x18	sub_08027D1C	code_08027580	bl@08024C88
0x08027D34	t	0x39C	sub_08027D34	code_08027580	gap 08027D32-08029DCC
0x080280D0	t	0xA8	sub_080280D0	code_08027580	gap 080280D0-08029DCC
0x08028178	t	0xC0	sub_08028178	code_08027580	gap 08028178-08029DCC
0x08028238	t	0x184	sub_08028238	code_08027580	gap 08028238-08029DCC
0x080283BC	t	0x2C8	sub_080283BC	code_08027580	gap 080283BC-08029DCC
0x08028684	t	0x120	sub_08028684	code_08028684	gap 08028684-08029DCC
0x080287A4	t	0x138	sub_080287A4	code_08028684	gap 080287A4-08029D7C
0x080288DC	t	0x54	sub_080288DC	code_08028684	gap 080288DC-08029D7C
0x08028930	t	0x6C	sub_08028930	code_08028684	gap 08028930-08029D7C
0x0802899C	t	0x40	sub_0802899C	code_08028684	gap 0802899A-08029D7C
0x080289DC	t	0xC	sub_080289DC	code_08028684	gap 080289DC-08029D7C
0x080289E8	t	0xD0	sub_080289E8	code_08028684	gap 080289E6-08029D7C
0x08028AB8	t	0x34	sub_08028AB8	code_08028684	gap 08028AB8-08029D7C
0x08028AEC	t	0x2B0	sub_08028AEC	code_08028684	gap 08028AEC-08029D7C
0x08028D9C	t	0x234	sub_08028D9C	code_08028684	gap 08028D9C-08029D7C
0x08028FD0	t	0x2F8	sub_08028FD0	code_08028684	gap 08028FD0-08029D7C
0x080292C8	t	0x190	sub_080292C8	code_08028684	gap 080292C8-08029458
0x08029458	t	0x90	sub_08029458	code_08028684	bl@0802913E
0x080294E8	t	0x174	sub_080294E8	code_08028684	gap 080294E8-08029D7C
0x0802965C	t	0xF4	sub_0802965C	code_08028684	gap 0802965C-08029D7C
0x08029750	t	0x64	sub_08029750	code_08029750	gap 08029750-08029D7C
0x080297B4	t	0x244	sub_080297B4	code_08029750	gap 080297B4-08029D7C
0x080299F8	t	0x58	sub_080299F8	code_08029750	gap 080299F8-08029D7C
0x08029A50	t	0xBC	sub_08029A50	code_08029750	gap 08029A50-08029D7C
0x08029B0C	t	0x200	sub_08029B0C	code_08029750	gap 08029B0C-08029D7C
0x08029D0C	t	0x4	sub_08029D0C	code_08029750	gap 08029D0C-08029D7C
0x08029D10	t	0x6C	sub_08029D10	code_08029750	gap 08029D10-08029D7C
0x08029D7C	t	0x50	sub_08029D7C	code_08029750	bl@0801BE1E
0x08029DCC	t	0x68	sub_08029DCC	code_08029750	bl@0801A8B6
0x08029E34	t	0x40	sub_08029E34	code_08029750	gap 08029E32-08063BAC
0x08029E74	t	0x50	sub_08029E74	code_08029750	gap 08029E74-08063BAC
0x08029EC4	t	0x40	sub_08029EC4	code_08029750	gap 08029EC4-08058EDC
0x08029F04	t	0xC4	sub_08029F04	code_08029750	gap 08029F04-08042AB0
0x08029FC8	t	0xD4	sub_08029FC8	code_08029750	gap 08029FC8-0802AF34
0x0802A09C	t	0xEC	sub_0802A09C	code_08029750	gap 0802A09A-0802AF34
0x0802A188	t	0x2D4	sub_0802A188	code_08029750	gap 0802A188-0802AF34
0x0802A45C	t	0x20	sub_0802A45C	code_08029750	gap 0802A45C-0802AF34
0x0802A47C	t	0x28	sub_0802A47C	code_08029750	gap 0802A47C-0802AF34
0x0802A4A4	t	0x28	sub_0802A4A4	code_08029750	gap 0802A4A4-0802AF34
0x0802A4CC	t	0x18C	sub_0802A4CC	code_08029750	gap 0802A4CC-0802AF34
0x0802A658	t	0x84	sub_0802A658	code_08029750	gap 0802A658-0802AF34
0x0802A6DC	t	0x3E4	sub_0802A6DC	code_08029750	gap 0802A6DA-0802AF34
0x0802AAC0	t	0x4C	sub_0802AAC0	code_0802AAC0	gap 0802AAC0-0802AF34
0x0802AB0C	t	0x120	sub_0802AB0C	code_0802AAC0	gap 0802AB0A-0802AF34
0x0802AC2C	t	0x2AC	sub_0802AC2C	code_0802AAC0	gap 0802AC2C-0802AF34
0x0802AED8	t	0x5C	sub_0802AED8	code_0802AAC0	gap 0802AED6-0802AF34
0x0802AF34	t	0x284	sub_0802AF34	code_0802AAC0	bl@08042720
0x0802B1B8	t	0xD4	sub_0802B1B8	code_0802AAC0	gap 0802B1B8-0802CD28
0x0802B28C	t	0x70	sub_0802B28C	code_0802AAC0	gap 0802B28C-0802B2FC
0x0802B2FC	t	0x190	sub_0802B2FC	code_0802AAC0	bl@08047E64
0x0802B48C	t	0x74	sub_0802B48C	code_0802AAC0	gap 0802B48C-0802B558
0x0802B500	t	0x58	sub_0802B500	code_0802AAC0	gap 0802B500-0802B558
0x0802B558	t	0x434	sub_0802B558	code_0802AAC0	bl@0800A612
0x0802B98C	t	0x60	sub_0802B98C	code_0802AAC0	gap 0802B98C-0802CD28
0x0802B9EC	t	0x7C	sub_0802B9EC	code_0802AAC0	gap 0802B9EC-0802CD28
0x0802BA68	t	0x68	sub_0802BA68	code_0802AAC0	gap 0802BA68-0802CD28
0x0802BAD0	t	0x70	sub_0802BAD0	code_0802BAD0	gap 0802BAD0-0802CD28
0x0802BB40	t	0x54	sub_0802BB40	code_0802BAD0	gap 0802BB3E-0802CD28
0x0802BB94	t	0x48	sub_0802BB94	code_0802BAD0	gap 0802BB94-0802BE70
0x0802BBDC	t	0x14C	sub_0802BBDC	code_0802BAD0	gap 0802BBDC-0802BE70
0x0802BD28	t	0x70	sub_0802BD28	code_0802BAD0	gap 0802BD26-0802BE70
0x0802BD98	t	0x58	sub_0802BD98	code_0802BAD0	gap 0802BD98-0802BE70
0x0802BDF0	t	0x80	sub_0802BDF0	code_0802BAD0	gap 0802BDF0-0802BE70
0x0802BE70	t	0x78	sub_0802BE70	code_0802BAD0	bl@0803FB3C
0x0802BEE8	t	0x50	sub_0802BEE8	code_0802BAD0	gap 0802BEE8-0802CD28
0x0802BF38	t	0x6C	sub_0802BF38	code_0802BAD0	gap 0802BF38-0802C080
0x0802BFA4	t	0x60	sub_0802BFA4	code_0802BAD0	gap 0802BFA4-0802C080
0x0802C004	t	0x7C	sub_0802C004	code_0802BAD0	gap 0802C004-0802C080
0x0802C080	t	0x1B0	sub_0802C080	code_0802BAD0	bl@0804032E
0x0802C230	t	0x44	sub_0802C230	code_0802BAD0	gap 0802C22E-0802C334
0x0802C274	t	0x38	sub_0802C274	code_0802BAD0	gap 0802C274-0802C334
0x0802C2AC	t	0x40	sub_0802C2AC	code_0802BAD0	gap 0802C2AC-0802C334
0x0802C2EC	t	0x48	sub_0802C2EC	code_0802BAD0	gap 0802C2EC-0802C334
0x0802C334	t	0x8C	sub_0802C334	code_0802BAD0	bl@08040D56
0x0802C3C0	t	0x11C	sub_0802C3C0	code_0802BAD0	gap 0802C3C0-0802CD28
0x0802C4DC	t	0x5C	sub_0802C4DC	code_0802BAD0	gap 0802C4DC-0802CD28
0x0802C538	t	0x64	sub_0802C538	code_0802BAD0	gap 0802C538-0802C674
0x0802C59C	t	0x48	sub_0802C59C	code_0802BAD0	gap 0802C59C-0802C674
0x0802C5E4	t	0x4C	sub_0802C5E4	code_0802BAD0	bl@0803B706
0x0802C630	t	0x44	sub_0802C630	code_0802BAD0	gap 0802C630-0802C674
0x0802C674	t	0x108	sub_0802C674	code_0802BAD0	bl@08041D86
0x0802C77C	t	0xF8	sub_0802C77C	code_0802BAD0	gap 0802C77C-0802CD28
0x0802C874	t	0x1C	sub_0802C874	code_0802BAD0	gap 0802C874-0802CD28
0x0802C890	t	0x24	sub_0802C890	code_0802BAD0	gap 0802C88E-0802CD28
0x0802C8B4	t	0xC0	sub_0802C8B4	code_0802BAD0	gap 0802C8B4-0802CD28
0x0802C974	t	0x50	sub_0802C974	code_0802BAD0	gap 0802C974-0802CD28
0x0802C9C4	t	0x6C	sub_0802C9C4	code_0802BAD0	gap 0802C9C4-0802CD28
0x0802CA30	t	0x6C	sub_0802CA30	code_0802BAD0	gap 0802CA2E-0802CD28
0x0802CA9C	t	0x4C	sub_0802CA9C	code_0802BAD0	gap 0802CA9C-0802CD28
0x0802CAE8	t	0x24	sub_0802CAE8	code_0802CAE8	gap 0802CAE8-0802CD28
0x0802CB0C	t	0xE0	sub_0802CB0C	code_0802CAE8	gap 0802CB0C-0802CD28
0x0802CBEC	t	0xB4	sub_0802CBEC	code_0802CAE8	gap 0802CBEC-0802CD28
0x0802CCA0	t	0x18	sub_0802CCA0	code_0802CAE8	gap 0802CC9E-0802CD28
0x0802CCB8	t	0x38	sub_0802CCB8	code_0802CAE8	gap 0802CCB8-0802CD28
0x0802CCF0	t	0x38	sub_0802CCF0	code_0802CAE8	gap 0802CCEE-0802CD28
0x0802CD28	t	0x110	sub_0802CD28	code_0802CAE8	bl@08042924
0x0802CE38	t	0x168	sub_0802CE38	code_0802CAE8	bl@08041F76
0x0802CFA0	t	0x30	sub_0802CFA0	code_0802CAE8	gap 0802CFA0-0803CB28
0x0802CFD0	t	0x88	sub_0802CFD0	code_0802CAE8	gap 0802CFD0-0802DEC4
0x0802D058	t	0x88	sub_0802D058	code_0802CAE8	bl@0802D16A
0x0802D0E0	t	0x17C	sub_0802D0E0	code_0802CAE8	bl@0801FD9C
0x0802D25C	t	0xB0	sub_0802D25C	code_0802CAE8	bl@0801FD8C
0x0802D30C	t	0x108	sub_0802D30C	code_0802CAE8	gap 0802D30A-0802DEC4
0x0802D414	t	0x68	sub_0802D414	code_0802CAE8	gap 0802D414-0802DEC4
0x0802D47C	t	0x2C	sub_0802D47C	code_0802CAE8	gap 0802D47A-0802DEC4
0x0802D4A8	t	0x94	sub_0802D4A8	code_0802CAE8	gap 0802D4A8-0802DEC4
0x0802D53C	t	0x44	sub_0802D53C	code_0802CAE8	gap 0802D53C-0802DEC4
0x0802D580	t	0x40	sub_0802D580	code_0802CAE8	gap 0802D57E-0802DEC4
0x0802D5C0	t	0x60	sub_0802D5C0	code_0802CAE8	gap 0802D5C0-0802DEC4
0x0802D620	t	0x5C	sub_0802D620	code_0802CAE8	gap 0802D61E-0802DEC4
0x0802D67C	t	0x58	sub_0802D67C	code_0802CAE8	gap 0802D67C-0802DEC4
0x0802D6D4	t	0xB8	sub_0802D6D4	code_0802CAE8	gap 0802D6D2-0802DEC4
0x0802D78C	t	0x40	sub_0802D78C	code_0802CAE8	gap 0802D78C-0802DEC4
0x0802D7CC	t	0x34	sub_0802D7CC	code_0802CAE8	gap 0802D7CC-0802D800
0x0802D800	t	0x2C	sub_0802D800	code_0802CAE8	bl@0803EF22
0x0802D82C	t	0x70	sub_0802D82C	code_0802CAE8	gap 0802D82C-0802DEC4
0x0802D89C	t	0xBC	sub_0802D89C	code_0802CAE8	gap 0802D89C-0802DEC4
0x0802D958	t	0x24	sub_0802D958	code_0802CAE8	gap 0802D958-0802DEC4
0x0802D97C	t	0x158	sub_0802D97C	code_0802CAE8	gap 0802D97C-0802DEC4
0x0802DAD4	t	0x5C	sub_0802DAD4	code_0802CAE8	gap 0802DAD4-0802DEC4
0x0802DB30	t	0x78	sub_0802DB30	code_0802DB30	gap 0802DB30-0802DEC4
0x0802DBA8	t	0x34	sub_0802DBA8	code_0802DB30	gap 0802DBA8-0802DEC4
0x0802DBDC	t	0x7C	sub_0802DBDC	code_0802DB30	gap 0802DBDC-0802DEC4
0x0802DC58	t	0x1C	sub_0802DC58	code_0802DB30	gap 0802DC58-0802DCC4
0x0802DC74	t	0x2C	sub_0802DC74	code_0802DB30	gap 0802DC72-0802DCC4
0x0802DCA0	t	0x24	sub_0802DCA0	code_0802DB30	gap 0802DCA0-0802DCC4
0x0802DCC4	t	0xD4	sub_0802DCC4	code_0802DB30	bl@08033B6E
0x0802DD98	t	0x64	sub_0802DD98	code_0802DB30	gap 0802DD98-0802DEC4
0x0802DDFC	t	0xC8	sub_0802DDFC	code_0802DB30	gap 0802DDFC-0802DEC4
0x0802DEC4	t	0x98	sub_0802DEC4	code_0802DB30	bl@0803D642
0x0802DF5C	t	0x30	sub_0802DF5C	code_0802DB30	gap 0802DF5C-0803CB28
0x0802DF8C	t	0x78	sub_0802DF8C	code_0802DB30	gap 0802DF8C-0803CB28
0x0802E004	t	0x54	sub_0802E004	code_0802DB30	gap 0802E004-0803CB28
0x0802E058	t	0xBC	sub_0802E058	code_0802DB30	gap 0802E058-0803CB28
0x0802E114	t	0x2B4	sub_0802E114	code_0802DB30	gap 0802E114-0803CB28
0x0802E3C8	t	0x24	sub_0802E3C8	code_0802DB30	gap 0802E3C8-0802EB00
0x0802E3EC	t	0x40	sub_0802E3EC	code_0802DB30	gap 0802E3EC-0802EB00
0x0802E42C	t	0x84	sub_0802E42C	code_0802DB30	gap 0802E42A-0802EB00
0x0802E4B0	t	0x30	sub_0802E4B0	code_0802DB30	gap 0802E4B0-0802EB00
0x0802E4E0	t	0x84	sub_0802E4E0	code_0802DB30	gap 0802E4E0-0802EB00
0x0802E564	t	0x70	sub_0802E564	code_0802DB30	gap 0802E564-0802EB00
0x0802E5D4	t	0x58	sub_0802E5D4	code_0802DB30	gap 0802E5D4-0802E6F8
0x0802E62C	t	0x74	sub_0802E62C	code_0802DB30	gap 0802E62C-0802E6F8
0x0802E6A0	t	0x24	sub_0802E6A0	code_0802DB30	gap 0802E6A0-0802E6F8
0x0802E6C4	t	0x34	sub_0802E6C4	code_0802DB30	gap 0802E6C4-0802E6F8
0x0802E6F8	t	0x5C	sub_0802E6F8	code_0802DB30	bl@080357CE
0x0802E754	t	0x30	sub_0802E754	code_0802DB30	gap 0802E754-0802E784
0x0802E784	t	0x17C	sub_0802E784	code_0802DB30	bl@0803359E
0x0802E900	t	0x38	sub_0802E900	code_0802DB30	gap 0802E8FE-0802EB00
0x0802E938	t	0x48	sub_0802E938	code_0802DB30	gap 0802E938-0802EB00
0x0802E980	t	0x60	sub_0802E980	code_0802DB30	gap 0802E980-0802EB00
0x0802E9E0	t	0x2C	sub_0802E9E0	code_0802DB30	gap 0802E9DE-0802EA50
0x0802EA0C	t	0x44	sub_0802EA0C	code_0802DB30	gap 0802EA0C-0802EA50
0x0802EA50	t	0x24	sub_0802EA50	code_0802DB30	bl@080362AE
0x0802EA74	t	0x8C	sub_0802EA74	code_0802DB30	gap 0802EA74-0802EB00
0x0802EB00	t	0x58	sub_0802EB00	code_0802DB30	bl@0802EF82
0x0802EB58	t	0x60	sub_0802EB58	code_0802EB58	gap 0802EB58-0802EE18
0x0802EBB8	t	0x260	sub_0802EBB8	code_0802EB58	gap 0802EBB6-0802EE18
0x0802EE18	t	0x94	sub_0802EE18	code_0802EB58	bl@080599AC
0x0802EEAC	t	0x54	sub_0802EEAC	code_0802EB58	gap 0802EEAC-0803CB28
0x0802EF00	t	0x5C	sub_0802EF00	code_0802EB58	gap 0802EEFE-0803CB28
0x0802EF5C	t	0x44	sub_0802EF5C	code_0802EB58	gap 0802EF5C-0803CB28
0x0802EFA0	t	0x24	sub_0802EFA0	code_0802EB58	gap 0802EFA0-0803CB28
0x0802EFC4	t	0x2C	sub_0802EFC4	code_0802EB58	gap 0802EFC2-0803CB28
0x0802EFF0	t	0x78	sub_0802EFF0	code_0802EB58	gap 0802EFEE-0803CB28
0x0802F068	t	0x20	sub_0802F068	code_0802EB58	gap 0802F068-0803CB28
0x0802F088	t	0x24	sub_0802F088	code_0802EB58	gap 0802F086-0803CB28
0x0802F0AC	t	0x48	sub_0802F0AC	code_0802EB58	gap 0802F0AA-0803CB28
0x0802F0F4	t	0x60	sub_0802F0F4	code_0802EB58	gap 0802F0F4-0803CB28
0x0802F154	t	0x74	sub_0802F154	code_0802EB58	gap 0802F154-0803CB28
0x0802F1C8	t	0x38	sub_0802F1C8	code_0802EB58	gap 0802F1C8-0803CB28
0x0802F200	t	0x250	sub_0802F200	code_0802EB58	gap 0802F200-0803CB28
0x0802F450	t	0x40	sub_0802F450	code_0802EB58	gap 0802F450-0803CB28
0x0802F490	t	0x38	sub_0802F490	code_0802EB58	gap 0802F490-0803CB28
0x0802F4C8	t	0x20	sub_0802F4C8	code_0802EB58	gap 0802F4C6-0802F5F8
0x0802F4E8	t	0x30	sub_0802F4E8	code_0802EB58	gap 0802F4E8-0802F5F8
0x0802F518	t	0x48	sub_0802F518	code_0802EB58	gap 0802F518-0802F5F8
0x0802F560	t	0x58	sub_0802F560	code_0802EB58	gap 0802F560-0802F5F8
0x0802F5B8	t	0x40	sub_0802F5B8	code_0802EB58	gap 0802F5B8-0802F5F8
0x0802F5F8	t	0x210	sub_0802F5F8	code_0802EB58	bl@0804024A
0x0802F808	t	0x80	sub_0802F808	code_0802EB58	gap 0802F808-0803CB28
0x0802F888	t	0x60	sub_0802F888	code_0802EB58	gap 0802F886-0803CB28
0x0802F8E8	t	0x24	sub_0802F8E8	code_0802EB58	gap 0802F8E8-0803CB28
0x0802F90C	t	0x4C	sub_0802F90C	code_0802EB58	gap 0802F90A-0802FCEC
0x0802F958	t	0x8C	sub_0802F958	code_0802EB58	gap 0802F958-0802FCEC
0x0802F9E4	t	0x60	sub_0802F9E4	code_0802EB58	gap 0802F9E4-0802FA44
0x0802FA44	t	0xD0	sub_0802FA44	code_0802EB58	bl@0803AC9A
0x0802FB14	t	0x34	sub_0802FB14	code_0802EB58	gap 0802FB12-0802FCEC
0x0802FB48	t	0x1C	sub_0802FB48	code_0802EB58	gap 0802FB48-0802FCEC
0x0802FB64	t	0x28	sub_0802FB64	code_0802FB64	gap 0802FB62-0802FCEC
0x0802FB8C	t	0x68	sub_0802FB8C	code_0802FB64	gap 0802FB8A-0802FCEC
0x0802FBF4	t	0x44	sub_0802FBF4	code_0802FB64	gap 0802FBF4-0802FCEC
0x0802FC38	t	0x20	sub_0802FC38	code_0802FB64	gap 0802FC38-0802FCEC
0x0802FC58	t	0x44	sub_0802FC58	code_0802FB64	gap 0802FC56-0802FCEC
0x0802FC9C	t	0x24	sub_0802FC9C	code_0802FB64	gap 0802FC9C-0802FCEC
0x0802FCC0	t	0x2C	sub_0802FCC0	code_0802FB64	gap 0802FCC0-0802FCEC
0x0802FCEC	t	0x2C	sub_0802FCEC	code_0802FB64	bl@080416D8
0x0802FD18	t	0x78	sub_0802FD18	code_0802FB64	gap 0802FD18-0803CB28
0x0802FD90	t	0xDC	sub_0802FD90	code_0802FB64	gap 0802FD90-0803CB28
0x0802FE6C	t	0x38	sub_0802FE6C	code_0802FB64	gap 0802FE6C-0803CB28
0x0802FEA4	t	0xEC	sub_0802FEA4	code_0802FB64	gap 0802FEA2-0803CB28
0x0802FF90	t	0x54	sub_0802FF90	code_0802FB64	gap 0802FF90-0803CB28
0x0802FFE4	t	0x44	sub_0802FFE4	code_0802FB64	gap 0802FFE4-0803CB28
0x08030028	t	0xB0	sub_08030028	code_0802FB64	gap 08030028-0803CB28
0x080300D8	t	0xE8	sub_080300D8	code_0802FB64	gap 080300D8-0803CB28
0x080301C0	t	0x17C	sub_080301C0	code_0802FB64	gap 080301C0-0803CB28
0x0803033C	t	0xC4	sub_0803033C	code_0802FB64	gap 0803033C-0803CB28
0x08030400	t	0xE4	sub_08030400	code_0802FB64	gap 08030400-0803CB28
0x080304E4	t	0x94	sub_080304E4	code_0802FB64	gap 080304E4-0803CB28
0x08030578	t	0x74	sub_08030578	code_0802FB64	gap 08030578-0803CB28
0x080305EC	t	0x34	sub_080305EC	code_0802FB64	gap 080305EC-0803CB28
0x08030620	t	0x140	sub_08030620	code_0802FB64	gap 08030620-0803CB28
0x08030760	t	0x4C	sub_08030760	code_0802FB64	gap 08030760-0803CB28
0x080307AC	t	0x28	sub_080307AC	code_0802FB64	gap 080307AC-0803CB28
0x080307D4	t	0x64	sub_080307D4	code_0802FB64	gap 080307D4-0803CB28
0x08030838	t	0x48	sub_08030838	code_0802FB64	gap 08030838-0803CB28
0x08030880	t	0xA8	sub_08030880	code_0802FB64	gap 0803087E-0803CB28
0x08030928	t	0x100	sub_08030928	code_0802FB64	gap 08030928-0803CB28
0x08030A28	t	0x3C	sub_08030A28	code_0802FB64	gap 08030A26-0803CB28
0x08030A64	t	0xE8	sub_08030A64	code_0802FB64	gap 08030A62-0803CB28
0x08030B4C	t	0x3C	sub_08030B4C	code_0802FB64	gap 08030B4A-0803CB28
0x08030B88	t	0x2C4	sub_08030B88	code_08030B88	gap 08030B88-0803CB28
0x08030E4C	t	0xB8	sub_08030E4C	code_08030B88	gap 08030E4C-0803CB28
0x08030F04	t	0x80	sub_08030F04	code_08030B88	gap 08030F04-0803CB28
0x08030F84	t	0x78	sub_08030F84	code_08030B88	gap 08030F84-0803CB28
0x08030FFC	t	0x98	sub_08030FFC	code_08030B88	gap 08030FFC-0803CB28
0x08031094	t	0x58	sub_08031094	code_08030B88	gap 08031092-0803CB28
0x080310EC	t	0x94	sub_080310EC	code_08030B88	gap 080310EA-0803CB28
0x08031180	t	0x88	sub_08031180	code_08030B88	gap 0803117E-0803CB28
0x08031208	t	0x12C	sub_08031208	code_08030B88	gap 08031206-0803CB28
0x08031334	t	0x88	sub_08031334	code_08030B88	gap 08031334-0803CB28
0x080313BC	t	0x54	sub_080313BC	code_08030B88	gap 080313BC-0803CB28
0x08031410	t	0x7C	sub_08031410	code_08030B88	gap 08031410-0803CB28
0x0803148C	t	0x30	sub_0803148C	code_08030B88	gap 0803148C-0803CB28
0x080314BC	t	0x94	sub_080314BC	code_08030B88	gap 080314BC-0803CB28
0x08031550	t	0x230	sub_08031550	code_08030B88	gap 08031550-0803CB28
0x08031780	t	0x178	sub_08031780	code_08030B88	gap 08031780-0803CB28
0x080318F8	t	0x48	sub_080318F8	code_08030B88	gap 080318F8-0803CB28
0x08031940	t	0xE4	sub_08031940	code_08030B88	gap 08031940-0803CB28
0x08031A24	t	0xC8	sub_08031A24	code_08030B88	gap 08031A24-0803CB28
0x08031AEC	t	0xDC	sub_08031AEC	code_08030B88	gap 08031AEC-0803CB28
0x08031BC8	t	0x4C	sub_08031BC8	code_08031BC8	gap 08031BC8-0803CB28
0x08031C14	t	0x11C	sub_08031C14	code_08031BC8	gap 08031C12-0803CB28
0x08031D30	t	0x50	sub_08031D30	code_08031BC8	gap 08031D30-0803CB28
0x08031D80	t	0x28	sub_08031D80	code_08031BC8	gap 08031D80-0803CB28
0x08031DA8	t	0xB8	sub_08031DA8	code_08031BC8	gap 08031DA6-0803CB28
0x08031E60	t	0xD0	sub_08031E60	code_08031BC8	gap 08031E60-0803CB28
0x08031F30	t	0x7C	sub_08031F30	code_08031BC8	gap 08031F30-0803CB28
0x08031FAC	t	0xAC	sub_08031FAC	code_08031BC8	gap 08031FAC-0803CB28
0x08032058	t	0x6C	sub_08032058	code_08031BC8	gap 08032058-0803CB28
0x080320C4	t	0x104	sub_080320C4	code_08031BC8	gap 080320C4-0803CB28
0x080321C8	t	0x90	sub_080321C8	code_08031BC8	gap 080321C6-0803CB28
0x08032258	t	0xC4	sub_08032258	code_08031BC8	gap 08032258-0803CB28
0x0803231C	t	0x74	sub_0803231C	code_08031BC8	gap 0803231C-0803CB28
0x08032390	t	0x2DC	sub_08032390	code_08031BC8	gap 08032390-0803CB28
0x0803266C	t	0x58	sub_0803266C	code_08031BC8	gap 0803266C-0803CB28
0x080326C4	t	0x130	sub_080326C4	code_08031BC8	gap 080326C4-0803CB28
0x080327F4	t	0x48	sub_080327F4	code_08031BC8	gap 080327F4-0803CB28
0x0803283C	t	0x474	sub_0803283C	code_08031BC8	gap 0803283C-0803CB28
0x08032CB0	t	0x60	sub_08032CB0	code_08032CB0	gap 08032CB0-0803CB28
0x08032D10	t	0x16C	sub_08032D10	code_08032CB0	gap 08032D10-0803CB28
0x08032E7C	t	0xA4	sub_08032E7C	code_08032CB0	gap 08032E7C-0803CB28
0x08032F20	t	0x2F8	sub_08032F20	code_08032CB0	gap 08032F20-0803CB28
0x08033218	t	0x64	sub_08033218	code_08032CB0	gap 08033218-0803CB28
0x0803327C	t	0x188	sub_0803327C	code_08032CB0	gap 0803327C-0803CB28
0x08033404	t	0xE0	sub_08033404	code_08032CB0	gap 08033402-0803CB28
0x080334E4	t	0x3E8	sub_080334E4	code_08032CB0	gap 080334E4-0803CB28
0x080338CC	t	0x1AC	sub_080338CC	code_08032CB0	gap 080338CA-0803CB28
0x08033A78	t	0x34	sub_08033A78	code_08032CB0	gap 08033A76-0803CB28
0x08033AAC	t	0x40	sub_08033AAC	code_08032CB0	gap 08033AAC-0803CB28
0x08033AEC	t	0x2C0	sub_08033AEC	code_08032CB0	gap 08033AEC-0803CB28
0x08033DAC	t	0x48	sub_08033DAC	code_08033DAC	gap 08033DAA-0803CB28
0x08033DF4	t	0x50	sub_08033DF4	code_08033DAC	gap 08033DF4-0803CB28
0x08033E44	t	0x138	sub_08033E44	code_08033DAC	gap 08033E42-0803CB28
0x08033F7C	t	0x34	sub_08033F7C	code_08033DAC	gap 08033F7A-0803CB28
0x08033FB0	t	0x94	sub_08033FB0	code_08033DAC	gap 08033FB0-0803CB28
0x08034044	t	0x118	sub_08034044	code_08033DAC	gap 08034044-0803CB28
0x0803415C	t	0xE4	sub_0803415C	code_08033DAC	gap 0803415C-0803CB28
0x08034240	t	0x80	sub_08034240	code_08033DAC	gap 0803423E-0803CB28
0x080342C0	t	0x9C	sub_080342C0	code_08033DAC	gap 080342C0-0803CB28
0x0803435C	t	0xB8	sub_0803435C	code_08033DAC	gap 0803435C-0803CB28
0x08034414	t	0x68	sub_08034414	code_08033DAC	gap 08034414-0803CB28
0x0803447C	t	0x1C8	sub_0803447C	code_08033DAC	gap 0803447A-0803CB28
0x08034644	t	0xC4	sub_08034644	code_08033DAC	gap 08034644-0803CB28
0x08034708	t	0x60	sub_08034708	code_08033DAC	gap 08034706-0803CB28
0x08034768	t	0x440	sub_08034768	code_08033DAC	gap 08034768-0803CB28
0x08034BA8	t	0x54	sub_08034BA8	code_08033DAC	gap 08034BA8-0803CB28
0x08034BFC	t	0x59C	sub_08034BFC	code_08033DAC	gap 08034BFC-0803CB28
0x08035198	t	0x17C	sub_08035198	code_08035198	gap 08035198-0803CB28
0x08035314	t	0x90	sub_08035314	code_08035198	gap 08035314-0803CB28
0x080353A4	t	0xDC	sub_080353A4	code_08035198	gap 080353A4-0803CB28
0x08035480	t	0xAC	sub_08035480	code_08035198	gap 0803547E-0803CB28
0x0803552C	t	0x54	sub_0803552C	code_08035198	gap 0803552C-0803CB28
0x08035580	t	0x40	sub_08035580	code_08035198	gap 0803557E-0803CB28
0x080355C0	t	0x54	sub_080355C0	code_08035198	gap 080355C0-0803CB28
0x08035614	t	0x54	sub_08035614	code_08035198	gap 08035614-0803CB28
0x08035668	t	0xFC	sub_08035668	code_08035198	gap 08035668-0803CB28
0x08035764	t	0x18	sub_08035764	code_08035198	gap 08035764-0803CB28
0x0803577C	t	0xEC	sub_0803577C	code_08035198	gap 0803577A-0803CB28
0x08035868	t	0x44	sub_08035868	code_08035198	gap 08035868-0803CB28
0x080358AC	t	0x310	sub_080358AC	code_08035198	gap 080358AC-0803CB28
0x08035BBC	t	0x50	sub_08035BBC	code_08035198	gap 08035BBA-0803CB28
0x08035C0C	t	0xA4	sub_08035C0C	code_08035198	gap 08035C0C-0803CB28
0x08035CB0	t	0x94	sub_08035CB0	code_08035198	gap 08035CB0-0803CB28
0x08035D44	t	0x34	sub_08035D44	code_08035198	gap 08035D44-0803CB28
0x08035D78	t	0x94	sub_08035D78	code_08035198	gap 08035D78-0803CB28
0x08035E0C	t	0x10C	sub_08035E0C	code_08035198	gap 08035E0C-0803CB28
0x08035F18	t	0x68	sub_08035F18	code_08035198	gap 08035F18-0803CB28
0x08035F80	t	0x5C	sub_08035F80	code_08035198	gap 08035F7E-0803CB28
0x08035FDC	t	0x54	sub_08035FDC	code_08035198	gap 08035FDA-0803CB28
0x08036030	t	0xB8	sub_08036030	code_08035198	gap 08036030-0803CB28
0x080360E8	t	0x68	sub_080360E8	code_08035198	gap 080360E8-0803CB28
0x08036150	t	0x80	sub_08036150	code_08035198	gap 0803614E-0803CB28
0x080361D0	t	0x84	sub_080361D0	code_080361D0	gap 080361D0-0803CB28
0x08036254	t	0x288	sub_08036254	code_080361D0	gap 08036254-0803CB28
0x080364DC	t	0x34	sub_080364DC	code_080361D0	gap 080364DC-0803CB28
0x08036510	t	0x60	sub_08036510	code_080361D0	gap 08036510-0803CB28
0x08036570	t	0x80	sub_08036570	code_080361D0	gap 08036570-0803CB28
0x080365F0	t	0x1F4	sub_080365F0	code_080361D0	gap 080365F0-0803CB28
0x080367E4	t	0x1AC	sub_080367E4	code_080361D0	gap 080367E4-0803CB28
0x08036990	t	0x34	sub_08036990	code_080361D0	gap 08036990-0803CB28
0x080369C4	t	0xA4	sub_080369C4	code_080361D0	gap 080369C4-0803CB28
0x08036A68	t	0x2C8	sub_08036A68	code_080361D0	gap 08036A68-0803CB28
0x08036D30	t	0x1F8	sub_08036D30	code_080361D0	gap 08036D30-0803CB28
0x08036F28	t	0x158	sub_08036F28	code_080361D0	gap 08036F26-0803CB28
0x08037080	t	0x38	sub_08037080	code_080361D0	gap 08037080-0803CB28
0x080370B8	t	0x274	sub_080370B8	code_080361D0	gap 080370B8-0803CB28
0x0803732C	t	0x200	sub_0803732C	code_0803732C	gap 0803732C-0803CB28
0x0803752C	t	0xCC	sub_0803752C	code_0803732C	gap 0803752A-0803CB28
0x080375F8	t	0x90	sub_080375F8	code_0803732C	gap 080375F8-0803CB28
0x08037688	t	0x98	sub_08037688	code_0803732C	gap 08037686-0803CB28
0x08037720	t	0x19C	sub_08037720	code_0803732C	gap 08037720-0803CB28
0x080378BC	t	0x160	sub_080378BC	code_0803732C	gap 080378BC-0803CB28
0x08037A1C	t	0xD8	sub_08037A1C	code_0803732C	gap 08037A1A-0803CB28
0x08037AF4	t	0x1E0	sub_08037AF4	code_0803732C	gap 08037AF4-0803CB28
0x08037CD4	t	0x1C0	sub_08037CD4	code_0803732C	gap 08037CD4-0803CB28
0x08037E94	t	0x44	sub_08037E94	code_0803732C	gap 08037E94-0803CB28
0x08037ED8	t	0x344	sub_08037ED8	code_0803732C	gap 08037ED8-0803CB28
0x0803821C	t	0xE4	sub_0803821C	code_0803732C	gap 0803821A-0803CB28
0x08038300	t	0x20	sub_08038300	code_0803732C	gap 08038300-0803CB28
0x08038320	t	0xD0	sub_08038320	code_0803732C	gap 08038320-0803CB28
0x080383F0	t	0x104	sub_080383F0	code_080383F0	gap 080383F0-0803CB28
0x080384F4	t	0x110	sub_080384F4	code_080383F0	gap 080384F4-0803CB28
0x08038604	t	0xAC	sub_08038604	code_080383F0	gap 08038604-0803CB28
0x080386B0	t	0x588	sub_080386B0	code_080383F0	gap 080386AE-0803CB28
0x08038C38	t	0x110	sub_08038C38	code_080383F0	gap 08038C38-0803CB28
0x08038D48	t	0xD0	sub_08038D48	code_080383F0	gap 08038D48-0803CB28
0x08038E18	t	0xD8	sub_08038E18	code_080383F0	gap 08038E18-0803CB28
0x08038EF0	t	0xC8	sub_08038EF0	code_080383F0	gap 08038EF0-0803CB28
0x08038FB8	t	0x680	sub_08038FB8	code_080383F0	gap 08038FB8-0803CB28
0x08039638	t	0x168	sub_08039638	code_08039638	gap 08039636-0803CB28
0x080397A0	t	0x58	sub_080397A0	code_08039638	gap 080397A0-0803CB28
0x080397F8	t	0xB8	sub_080397F8	code_08039638	gap 080397F8-0803CB28
0x080398B0	t	0x254	sub_080398B0	code_08039638	gap 080398AE-0803CB28
0x08039B04	t	0x8C	sub_08039B04	code_08039638	gap 08039B02-0803CB28
0x08039B90	t	0xB8	sub_08039B90	code_08039638	gap 08039B90-0803CB28
0x08039C48	t	0x144	sub_08039C48	code_08039638	gap 08039C48-0803CB28
0x08039D8C	t	0xA4	sub_08039D8C	code_08039638	gap 08039D8C-0803CB28
0x08039E30	t	0xAC	sub_08039E30	code_08039638	gap 08039E30-0803CB28
0x08039EDC	t	0x8C	sub_08039EDC	code_08039638	gap 08039EDC-0803CB28
0x08039F68	t	0x214	sub_08039F68	code_08039638	gap 08039F68-0803CB28
0x0803A17C	t	0x44	sub_0803A17C	code_08039638	gap 0803A17A-0803CB28
0x0803A1C0	t	0x124	sub_0803A1C0	code_08039638	gap 0803A1C0-0803CB28
0x0803A2E4	t	0x44	sub_0803A2E4	code_08039638	gap 0803A2E4-0803CB28
0x0803A328	t	0x50	sub_0803A328	code_08039638	gap 0803A328-0803CB28
0x0803A378	t	0x98	sub_0803A378	code_08039638	gap 0803A378-0803CB28
0x0803A410	t	0xA8	sub_0803A410	code_08039638	gap 0803A410-0803CB28
0x0803A4B8	t	0x74	sub_0803A4B8	code_08039638	gap 0803A4B8-0803CB28
0x0803A52C	t	0x128	sub_0803A52C	code_08039638	gap 0803A52C-0803CB28
0x0803A654	t	0x5C	sub_0803A654	code_0803A654	gap 0803A654-0803CB28
0x0803A6B0	t	0x70	sub_0803A6B0	code_0803A654	gap 0803A6B0-0803CB28
0x0803A720	t	0xD4	sub_0803A720	code_0803A654	gap 0803A720-0803CB28
0x0803A7F4	t	0x28	sub_0803A7F4	code_0803A654	gap 0803A7F4-0803CB28
0x0803A81C	t	0x74	sub_0803A81C	code_0803A654	gap 0803A81A-0803CB28
0x0803A890	t	0xF0	sub_0803A890	code_0803A654	gap 0803A890-0803CB28
0x0803A980	t	0x48	sub_0803A980	code_0803A654	gap 0803A980-0803CB28
0x0803A9C8	t	0xB8	sub_0803A9C8	code_0803A654	gap 0803A9C8-0803CB28
0x0803AA80	t	0xF8	sub_0803AA80	code_0803A654	gap 0803AA80-0803CB28
0x0803AB78	t	0xBC	sub_0803AB78	code_0803A654	gap 0803AB78-0803CB28
0x0803AC34	t	0x438	sub_0803AC34	code_0803A654	gap 0803AC34-0803CB28
0x0803B06C	t	0x98	sub_0803B06C	code_0803A654	gap 0803B06C-0803CB28
0x0803B104	t	0xE8	sub_0803B104	code_0803A654	gap 0803B104-0803CB28
0x0803B1EC	t	0xB0	sub_0803B1EC	code_0803A654	gap 0803B1EC-0803CB28
0x0803B29C	t	0x1E0	sub_0803B29C	code_0803A654	gap 0803B29C-0803CB28
0x0803B47C	t	0xE0	sub_0803B47C	code_0803A654	gap 0803B47C-0803CB28
0x0803B55C	t	0x34	sub_0803B55C	code_0803A654	gap 0803B55A-0803CB28
0x0803B590	t	0x28	sub_0803B590	code_0803A654	gap 0803B590-0803CB28
0x0803B5B8	t	0xB8	sub_0803B5B8	code_0803A654	gap 0803B5B6-0803CB28
0x0803B670	t	0x50	sub_0803B670	code_0803B670	gap 0803B66E-0803CB28
0x0803B6C0	t	0x104	sub_0803B6C0	code_0803B670	gap 0803B6C0-0803CB28
0x0803B7C4	t	0x160	sub_0803B7C4	code_0803B670	gap 0803B7C4-0803CB28
0x0803B924	t	0x1C4	sub_0803B924	code_0803B670	gap 0803B924-0803CB28
0x0803BAE8	t	0x1FC	sub_0803BAE8	code_0803B670	gap 0803BAE8-0803CB28
0x0803BCE4	t	0x154	sub_0803BCE4	code_0803B670	gap 0803BCE4-0803CB28
0x0803BE38	t	0x98	sub_0803BE38	code_0803B670	gap 0803BE38-0803CB28
0x0803BED0	t	0x190	sub_0803BED0	code_0803B670	gap 0803BED0-0803CB28
0x0803C060	t	0x70	sub_0803C060	code_0803B670	gap 0803C05E-0803CB28
0x0803C0D0	t	0x104	sub_0803C0D0	code_0803B670	gap 0803C0D0-0803CB28
0x0803C1D4	t	0x80	sub_0803C1D4	code_0803B670	gap 0803C1D4-0803CB28
0x0803C254	t	0x114	sub_0803C254	code_0803B670	gap 0803C254-0803CB28
0x0803C368	t	0xCC	sub_0803C368	code_0803B670	gap 0803C366-0803CB28
0x0803C434	t	0xC4	sub_0803C434	code_0803B670	gap 0803C434-0803CB28
0x0803C4F8	t	0x58	sub_0803C4F8	code_0803B670	gap 0803C4F8-0803CB28
0x0803C550	t	0x50	sub_0803C550	code_0803B670	gap 0803C550-0803CB28
0x0803C5A0	t	0x298	sub_0803C5A0	code_0803B670	gap 0803C5A0-0803CB28
0x0803C838	t	0x1C4	sub_0803C838	code_0803C838	gap 0803C838-0803CB28
0x0803C9FC	t	0x108	sub_0803C9FC	code_0803C838	gap 0803C9FC-0803CB28
0x0803CB04	t	0x24	sub_0803CB04	code_0803C838	gap 0803CB04-0803CB28
0x0803CB28	t	0x38	sub_0803CB28	code_0803C838	bl@0803CE60
0x0803CB60	t	0xB8	sub_0803CB60	code_0803C838	gap 0803CB60-0803CDEC
0x0803CC18	t	0x1D4	sub_0803CC18	code_0803C838	bl@0803D0CE
0x0803CDEC	t	0xA4	sub_0803CDEC	code_0803C838	bl@080464A2
0x0803CE90	t	0x1B8	sub_0803CE90	code_0803C838	bl@0803D1CC
0x0803D048	t	0x70	sub_0803D048	code_0803C838	bl@0803D1F6
0x0803D0B8	t	0x30	sub_0803D0B8	code_0803C838	gap 0803D0B8-0803D0E8
0x0803D0E8	t	0x2E8	sub_0803D0E8	code_0803C838	bl@08044D36
0x0803D3D0	t	0x90	sub_0803D3D0	code_0803C838	gap 0803D3CE-08041DC4
0x0803D460	t	0x11C	sub_0803D460	code_0803C838	bl@0803DB52
0x0803D57C	t	0x800	sub_0803D57C	code_0803C838	bl@080494C6
0x0803DD7C	t	0x30	sub_0803DD7C	code_0803DD7C	gap 0803DD7C-08041DC4
0x0803DDAC	t	0x94	sub_0803DDAC	code_0803DD7C	gap 0803DDAC-08041DC4
0x0803DE40	t	0x78	sub_0803DE40	code_0803DD7C	gap 0803DE3E-08041DC4
0x0803DEB8	t	0x12C	sub_0803DEB8	code_0803DD7C	gap 0803DEB8-08041DC4
0x0803DFE4	t	0x17C	sub_0803DFE4	code_0803DD7C	gap 0803DFE4-08041DC4
0x0803E160	t	0xCC	sub_0803E160	code_0803DD7C	gap 0803E160-08041DC4
0x0803E22C	t	0x198	sub_0803E22C	code_0803DD7C	gap 0803E22C-08041DC4
0x0803E3C4	t	0x1F4	sub_0803E3C4	code_0803DD7C	gap 0803E3C2-08041DC4
0x0803E5B8	t	0xA0	sub_0803E5B8	code_0803DD7C	gap 0803E5B8-08041DC4
0x0803E658	t	0x84	sub_0803E658	code_0803DD7C	gap 0803E658-08041DC4
0x0803E6DC	t	0x21C	sub_0803E6DC	code_0803DD7C	gap 0803E6DC-08041DC4
0x0803E8F8	t	0x1A4	sub_0803E8F8	code_0803DD7C	gap 0803E8F6-08041DC4
0x0803EA9C	t	0x114	sub_0803EA9C	code_0803DD7C	gap 0803EA9C-08041DC4
0x0803EBB0	t	0x214	sub_0803EBB0	code_0803DD7C	gap 0803EBB0-08041DC4
0x0803EDC4	t	0xA8	sub_0803EDC4	code_0803EDC4	gap 0803EDC4-08041DC4
0x0803EE6C	t	0x1C8	sub_0803EE6C	code_0803EDC4	gap 0803EE6A-08041DC4
0x0803F034	t	0x310	sub_0803F034	code_0803EDC4	gap 0803F034-08041DC4
0x0803F344	t	0x2AC	sub_0803F344	code_0803EDC4	gap 0803F342-08041DC4
0x0803F5F0	t	0xAC	sub_0803F5F0	code_0803EDC4	gap 0803F5EE-08041DC4
0x0803F69C	t	0x9C	sub_0803F69C	code_0803EDC4	gap 0803F69C-08041DC4
0x0803F738	t	0x19C	sub_0803F738	code_0803EDC4	gap 0803F738-08041DC4
0x0803F8D4	t	0x120	sub_0803F8D4	code_0803EDC4	gap 0803F8D4-08041DC4
0x0803F9F4	t	0x10C	sub_0803F9F4	code_0803EDC4	gap 0803F9F4-08041DC4
0x0803FB00	t	0xEC	sub_0803FB00	code_0803EDC4	gap 0803FB00-08041DC4
0x0803FBEC	t	0x9C	sub_0803FBEC	code_0803EDC4	gap 0803FBEC-08041DC4
0x0803FC88	t	0x1E8	sub_0803FC88	code_0803EDC4	gap 0803FC88-08041DC4
0x0803FE70	t	0x11C	sub_0803FE70	code_0803FE70	gap 0803FE70-08041DC4
0x0803FF8C	t	0xB4	sub_0803FF8C	code_0803FE70	gap 0803FF8A-08041DC4
0x08040040	t	0xD0	sub_08040040	code_0803FE70	gap 0804003E-08041DC4
0x08040110	t	0x184	sub_08040110	code_0803FE70	gap 0804010E-08041DC4
0x08040294	t	0x1E4	sub_08040294	code_0803FE70	gap 08040294-08041DC4
0x08040478	t	0x16C	sub_08040478	code_0803FE70	gap 08040476-08041DC4
0x080405E4	t	0x98	sub_080405E4	code_0803FE70	gap 080405E4-08041DC4
0x0804067C	t	0x98	sub_0804067C	code_0803FE70	gap 0804067C-08041DC4
0x08040714	t	0x68	sub_08040714	code_0803FE70	gap 08040714-08041DC4
0x0804077C	t	0x9C	sub_0804077C	code_0803FE70	gap 0804077C-08041DC4
0x08040818	t	0x9C	sub_08040818	code_0803FE70	gap 08040818-08041DC4
0x080408B4	t	0x12C	sub_080408B4	code_0803FE70	gap 080408B4-08041DC4
0x080409E0	t	0x134	sub_080409E0	code_0803FE70	gap 080409E0-08041DC4
0x08040B14	t	0xFC	sub_08040B14	code_0803FE70	gap 08040B14-08041DC4
0x08040C10	t	0x98	sub_08040C10	code_0803FE70	gap 08040C10-08041DC4
0x08040CA8	t	0xDC	sub_08040CA8	code_0803FE70	gap 08040CA8-08041DC4
0x08040D84	t	0x138	sub_08040D84	code_0803FE70	gap 08040D84-08041DC4
0x08040EBC	t	0xF4	sub_08040EBC	code_08040EBC	gap 08040EBC-08041DC4
0x08040FB0	t	0x17C	sub_08040FB0	code_08040EBC	gap 08040FB0-08041DC4
0x0804112C	t	0x160	sub_0804112C	code_08040EBC	gap 0804112A-08041DC4
0x0804128C	t	0x110	sub_0804128C	code_08040EBC	gap 0804128C-08041DC4
0x0804139C	t	0xC0	sub_0804139C	code_08040EBC	gap 0804139C-08041DC4
0x0804145C	t	0x130	sub_0804145C	code_08040EBC	gap 0804145A-08041DC4
0x0804158C	t	0x110	sub_0804158C	code_08040EBC	gap 0804158A-08041DC4
0x0804169C	t	0x140	sub_0804169C	code_08040EBC	gap 0804169A-08041DC4
0x080417DC	t	0xBC	sub_080417DC	code_08040EBC	gap 080417DA-08041DC4
0x08041898	t	0x328	sub_08041898	code_08040EBC	gap 08041896-08041DC4
0x08041BC0	t	0xA0	sub_08041BC0	code_08040EBC	gap 08041BBE-08041DC4
0x08041C60	t	0xA0	sub_08041C60	code_08040EBC	gap 08041C60-08041DC4
0x08041D00	t	0xC4	sub_08041D00	code_08040EBC	gap 08041D00-08041DC4
0x08041DC4	t	0x1D8	sub_08041DC4	code_08040EBC	bl@0804293A
0x08041F9C	t	0xDC	sub_08041F9C	code_08041F9C	bl@08042086
0x08042078	t	0x2C	sub_08042078	code_08041F9C	bl@080426E4
0x080420A4	t	0xE8	sub_080420A4	code_08041F9C	bl@0804250A
0x0804218C	t	0x2C0	sub_0804218C	code_08041F9C	bl@08042568
0x0804244C	t	0x664	sub_0804244C	code_08041F9C	bl@08042B72
0x08042AB0	t	0xB0	sub_08042AB0	code_08041F9C	bl@08017678
0x08042B60	t	0x3C	sub_08042B60	code_08041F9C	gap 08042B60-08046C20
0x08042B9C	t	0x44	sub_08042B9C	code_08041F9C	gap 08042B9C-0804412C
0x08042BE0	t	0x604	sub_08042BE0	code_08041F9C	gap 08042BDE-0804412C
0x080431E4	t	0x4C	sub_080431E4	code_080431E4	gap 080431E4-0804412C
0x08043230	t	0x2C	sub_08043230	code_080431E4	gap 08043230-0804412C
0x0804325C	t	0x2E0	sub_0804325C	code_080431E4	gap 0804325C-0804412C
0x0804353C	t	0x58	sub_0804353C	code_080431E4	gap 0804353C-0804412C
0x08043594	t	0x6C	sub_08043594	code_080431E4	gap 08043592-0804412C
0x08043600	t	0xB8	sub_08043600	code_080431E4	gap 080435FE-0804412C
0x080436B8	t	0xA0	sub_080436B8	code_080431E4	gap 080436B8-0804412C
0x08043758	t	0x74	sub_08043758	code_080431E4	gap 08043758-0804412C
0x080437CC	t	0x2DC	sub_080437CC	code_080431E4	gap 080437CC-0804412C
0x08043AA8	t	0xF0	sub_08043AA8	code_080431E4	gap 08043AA8-0804412C
0x08043B98	t	0x594	sub_08043B98	code_080431E4	gap 08043B96-0804412C
0x0804412C	t	0xF8	sub_0804412C	code_080431E4	bl@080459DA
0x08044224	t	0x2514	sub_08044224	code_08044224	bl@0802B12E
0x08046738	t	0x78	sub_08046738	code_08046738	gap 08046738-08046A74
0x080467B0	t	0x58	sub_080467B0	code_08046738	gap 080467B0-08046A74
0x08046808	t	0x114	sub_08046808	code_08046738	gap 08046808-08046A74
0x0804691C	t	0xC0	sub_0804691C	code_08046738	gap 0804691C-08046A74
0x080469DC	t	0x98	sub_080469DC	code_08046738	gap 080469DC-08046A74
0x08046A74	t	0x5C	sub_08046A74	code_08046738	bl@080491D0
0x08046AD0	t	0x84	sub_08046AD0	code_08046738	gap 08046AD0-08046BA8
0x08046B54	t	0x54	sub_08046B54	code_08046738	gap 08046B54-08046BA8
0x08046BA8	t	0x38	sub_08046BA8	code_08046738	bl@08019C7A
0x08046BE0	t	0x40	sub_08046BE0	code_08046738	gap 08046BE0-08046C20
0x08046C20	t	0x4C	sub_08046C20	code_08046738	bl@080177AE
0x08046C6C	t	0x44	sub_08046C6C	code_08046738	gap 08046C6C-0804A39C
0x08046CB0	t	0x8C	sub_08046CB0	code_08046738	gap 08046CB0-08047058
0x08046D3C	t	0x150	sub_08046D3C	code_08046738	gap 08046D3C-08047058
0x08046E8C	t	0x94	sub_08046E8C	code_08046738	gap 08046E8A-08047058
0x08046F20	t	0x130	sub_08046F20	code_08046738	gap 08046F20-08047058
0x08047050	t	0x4	sub_08047050	code_08046738	gap 08047050-08047058
0x08047054	t	0x4	sub_08047054	code_08046738	gap 08047054-08047058
0x08047058	t	0x68	sub_08047058	code_08046738	bl@0802CE4C
0x080470C0	t	0x54	sub_080470C0	code_08046738	gap 080470C0-08049048
0x08047114	t	0x5C	sub_08047114	code_08046738	gap 08047112-08047170
0x08047170	t	0x78	sub_08047170	code_08046738	bl@0802DED6
0x080471E8	t	0x1DF8	sub_080471E8	code_08046738	bl@0801E392
0x08048FE0	t	0x68	sub_08048FE0	code_08048FE0	bl@0801E318
0x08049048	t	0x388	sub_08049048	code_08048FE0	bl@0804275A
0x080493D0	t	0x80	sub_080493D0	code_08048FE0	gap 080493D0-0804A39C
0x08049450	t	0xC4	sub_08049450	code_08048FE0	bl@0801E398
0x08049514	t	0x36C	sub_08049514	code_08048FE0	gap 08049514-0804A39C
0x08049880	t	0x2F4	sub_08049880	code_08048FE0	gap 08049880-0804A39C
0x08049B74	t	0x27C	sub_08049B74	code_08048FE0	gap 08049B72-0804A39C
0x08049DF0	t	0x218	sub_08049DF0	code_08048FE0	gap 08049DF0-0804A39C
0x0804A008	t	0x1C0	sub_0804A008	code_0804A008	gap 0804A008-0804A39C
0x0804A1C8	t	0x1D4	sub_0804A1C8	code_0804A008	gap 0804A1C8-0804A39C
0x0804A39C	t	0x3C	sub_0804A39C	code_0804A008	bl@0800D446
0x0804A3D8	t	0xA4	sub_0804A3D8	code_0804A008	gap 0804A3D8-08058EDC
0x0804A47C	t	0xAC	sub_0804A47C	code_0804A008	gap 0804A47C-08052908
0x0804A528	t	0x320	sub_0804A528	code_0804A008	gap 0804A528-08052908
0x0804A848	t	0xE4	sub_0804A848	code_0804A008	gap 0804A846-08052908
0x0804A92C	t	0x6C	sub_0804A92C	code_0804A008	gap 0804A92C-08052908
0x0804A998	t	0x4	sub_0804A998	code_0804A008	gap 0804A998-0804E31C
0x0804A99C	t	0x1F4	sub_0804A99C	code_0804A008	gap 0804A99C-0804E31C
0x0804AB90	t	0x88	sub_0804AB90	code_0804A008	gap 0804AB90-0804E31C
0x0804AC18	t	0x24C	sub_0804AC18	code_0804A008	gap 0804AC18-0804E31C
0x0804AE64	t	0x7DC	sub_0804AE64	code_0804A008	gap 0804AE64-0804E31C
0x0804B640	t	0x3DC	sub_0804B640	code_0804B640	gap 0804B63E-0804E31C
0x0804BA1C	t	0x90	sub_0804BA1C	code_0804B640	gap 0804BA1C-0804E31C
0x0804BAAC	t	0x1CC	sub_0804BAAC	code_0804B640	gap 0804BAAC-0804E31C
0x0804BC78	t	0x378	sub_0804BC78	code_0804B640	gap 0804BC76-0804E31C
0x0804BFF0	t	0xB68	sub_0804BFF0	code_0804B640	gap 0804BFEE-0804E31C
0x0804CB58	t	0x740	sub_0804CB58	code_0804CB58	gap 0804CB56-0804E31C
0x0804D298	t	0x88	sub_0804D298	code_0804CB58	gap 0804D296-0804E31C
0x0804D320	t	0x84C	sub_0804D320	code_0804CB58	gap 0804D320-0804E31C
0x0804DB6C	t	0x11C	sub_0804DB6C	code_0804DB6C	gap 0804DB6C-0804E31C
0x0804DC88	t	0x5B8	sub_0804DC88	code_0804DB6C	gap 0804DC88-0804E31C
0x0804E240	t	0xDC	sub_0804E240	code_0804DB6C	gap 0804E240-0804E31C
0x0804E31C	t	0xA0	sub_0804E31C	code_0804DB6C	bl@0805C4CA
0x0804E3BC	t	0x4	sub_0804E3BC	code_0804DB6C	gap 0804E3BC-08052908
0x0804E3C0	t	0x60	sub_0804E3C0	code_0804DB6C	gap 0804E3BE-08052908
0x0804E420	t	0x118	sub_0804E420	code_0804DB6C	gap 0804E420-08052908
0x0804E538	t	0x7C	sub_0804E538	code_0804DB6C	gap 0804E538-08052908
0x0804E5B4	t	0x1CC	sub_0804E5B4	code_0804DB6C	gap 0804E5B4-0804F310
0x0804E780	t	0x1C8	sub_0804E780	code_0804DB6C	gap 0804E77E-0804F310
0x0804E948	t	0x6A8	sub_0804E948	code_0804DB6C	gap 0804E948-0804F310
0x0804EFF0	t	0x178	sub_0804EFF0	code_0804EFF0	gap 0804EFF0-0804F310
0x0804F168	t	0x1A8	sub_0804F168	code_0804EFF0	gap 0804F168-0804F310
0x0804F310	t	0x74	sub_0804F310	code_0804EFF0	ptr@0804ACDE
0x0804F384	t	0xDC	sub_0804F384	code_0804EFF0	ptr@0804ACE0
0x0804F460	t	0x1F4	sub_0804F460	code_0804EFF0	gap 0804F460-08052908
0x0804F654	t	0x54	sub_0804F654	code_0804EFF0	gap 0804F654-0805163C
0x0804F6A8	t	0x44	sub_0804F6A8	code_0804EFF0	gap 0804F6A8-0805163C
0x0804F6EC	t	0xB8	sub_0804F6EC	code_0804EFF0	gap 0804F6EC-0805163C
0x0804F7A4	t	0x4A8	sub_0804F7A4	code_0804EFF0	gap 0804F7A4-0805163C
0x0804FC4C	t	0xE24	sub_0804FC4C	code_0804EFF0	gap 0804FC4C-0805163C
0x08050A70	t	0x3D8	sub_08050A70	code_08050A70	gap 08050A6E-0805163C
0x08050E48	t	0x1AC	sub_08050E48	code_08050A70	gap 08050E48-0805163C
0x08050FF4	t	0xA4	sub_08050FF4	code_08050A70	gap 08050FF4-0805163C
0x08051098	t	0xA8	sub_08051098	code_08050A70	gap 08051098-0805163C
0x08051140	t	0x1B0	sub_08051140	code_08050A70	gap 08051140-0805163C
0x080512F0	t	0x17C	sub_080512F0	code_08050A70	gap 080512F0-0805163C
0x0805146C	t	0x138	sub_0805146C	code_08050A70	gap 0805146C-0805163C
0x080515A4	t	0x98	sub_080515A4	code_08050A70	gap 080515A4-0805163C
0x0805163C	t	0x9C	sub_0805163C	code_08050A70	bl@08051766
0x080516D8	t	0x58	sub_080516D8	code_08050A70	ptr@080518D6
0x08051730	t	0x8C	sub_08051730	code_08050A70	ptr@080518D8
0x080517BC	t	0x190	sub_080517BC	code_08050A70	bl@080223C2
0x0805194C	t	0x150	sub_0805194C	code_08050A70	bl@080223EE
0x08051A9C	t	0x120	sub_08051A9C	code_08051A9C	bl@08022412
0x08051BBC	t	0x11C	sub_08051BBC	code_08051A9C	bl@08022436
0x08051CD8	t	0x11C	sub_08051CD8	code_08051A9C	bl@0802245A
0x08051DF4	t	0xDC	sub_08051DF4	code_08051A9C	bl@08022486
0x08051ED0	t	0x148	sub_08051ED0	code_08051A9C	bl@080224CE
0x08052018	t	0x178	sub_08052018	code_08051A9C	bl@080224EE
0x08052190	t	0x130	sub_08052190	code_08051A9C	ptr@08052364
0x080522C0	t	0x6C	sub_080522C0	code_08051A9C	ptr@08052366
0x0805232C	t	0x64	sub_0805232C	code_08051A9C	bl@08022490
0x08052390	t	0xAC	sub_08052390	code_08051A9C	ptr@08052598
0x0805243C	t	0x6C	sub_0805243C	code_08051A9C	ptr@0805259A
0x080524A8	t	0xB8	sub_080524A8	code_08051A9C	ptr@08052634
0x08052560	t	0x64	sub_08052560	code_08051A9C	bl@08022496
0x080525C4	t	0xA4	sub_080525C4	code_08051A9C	bl@0802249C
0x08052668	t	0xAC	sub_08052668	code_08051A9C	ptr@08052780
0x08052714	t	0xFC	sub_08052714	code_08051A9C	bl@080224A2
0x08052810	t	0xF8	sub_08052810	code_08051A9C	bl@08022472
0x08052908	t	0x270	sub_08052908	code_08051A9C	bl@08052F94
0x08052B78	t	0x170	sub_08052B78	code_08052B78	bl@08052F20
0x08052CE8	t	0x250	sub_08052CE8	code_08052B78	bl@08052FA8
0x08052F38	t	0x114	sub_08052F38	code_08052B78	bl@08042624
0x0805304C	t	0x688	sub_0805304C	code_08052B78	gap 0805304C-08055AB4
0x080536D4	t	0x9C	sub_080536D4	code_08052B78	gap 080536D2-08055A00
0x08053770	t	0xF4	sub_08053770	code_08052B78	gap 0805376E-08054028
0x08053864	t	0x64	sub_08053864	code_08052B78	gap 08053864-08054028
0x080538C8	t	0x230	sub_080538C8	code_08052B78	gap 080538C6-08054028
0x08053AF8	t	0x360	sub_08053AF8	code_08052B78	gap 08053AF8-08054028
0x08053E58	t	0xA0	sub_08053E58	code_08053E58	gap 08053E58-08054028
0x08053EF8	t	0xA0	sub_08053EF8	code_08053E58	gap 08053EF8-08054028
0x08053F98	t	0x90	sub_08053F98	code_08053E58	gap 08053F98-08054028
0x08054028	t	0x108	sub_08054028	code_08053E58	bl@08054698
0x08054130	t	0x68	sub_08054130	code_08053E58	bl@080546D2
0x08054198	t	0x200	sub_08054198	code_08053E58	bl@080546C2
0x08054398	t	0x3D8	sub_08054398	code_08053E58	bl@0804960A
0x08054770	t	0x10C	sub_08054770	code_08053E58	gap 08054770-08055A00
0x0805487C	t	0x84	sub_0805487C	code_08053E58	gap 0805487C-08055A00
0x08054900	t	0x260	sub_08054900	code_08053E58	gap 08054900-08055A00
0x08054B60	t	0x31C	sub_08054B60	code_08053E58	gap 08054B60-08055A00
0x08054E7C	t	0x41C	sub_08054E7C	code_08054E7C	gap 08054E7C-08055A00
0x08055298	t	0x118	sub_08055298	code_08054E7C	gap 08055298-08055A00
0x080553B0	t	0x200	sub_080553B0	code_08054E7C	gap 080553B0-08055A00
0x080555B0	t	0x178	sub_080555B0	code_08054E7C	gap 080555AE-08055A00
0x08055728	t	0x2D8	sub_08055728	code_08054E7C	gap 08055728-08055A00
0x08055A00	t	0xB4	sub_08055A00	code_08054E7C	bl@08055D0A
0x08055AB4	t	0x74	sub_08055AB4	code_08054E7C	bl@0802366E
0x08055B28	t	0x214	sub_08055B28	code_08054E7C	gap 08055B28-08056E04
0x08055D3C	t	0x174	sub_08055D3C	code_08054E7C	gap 08055D3C-08055EB0
0x08055EB0	t	0xC0	sub_08055EB0	code_08055EB0	bl@08048FF8
0x08055F70	t	0x124	sub_08055F70	code_08055EB0	gap 08055F70-08056094
0x08056094	t	0x10C	sub_08056094	code_08055EB0	bl@0801E734
0x080561A0	t	0x160	sub_080561A0	code_08055EB0	bl@08048F9A
0x08056300	t	0xB8	sub_08056300	code_08055EB0	bl@08053C56
0x080563B8	t	0xF0	sub_080563B8	code_08055EB0	gap 080563B8-08056E04
0x080564A8	t	0x9C	sub_080564A8	code_08055EB0	gap 080564A8-08056E04
0x08056544	t	0x108	sub_08056544	code_08055EB0	gap 08056544-08056E04
0x0805664C	t	0x448	sub_0805664C	code_08055EB0	gap 0805664C-08056E04
0x08056A94	t	0x254	sub_08056A94	code_08055EB0	gap 08056A94-08056E04
0x08056CE8	t	0xB0	sub_08056CE8	code_08055EB0	gap 08056CE8-08056E04
0x08056D98	t	0x6C	sub_08056D98	code_08055EB0	gap 08056D98-08056E04
0x08056E04	t	0x64	sub_08056E04	code_08055EB0	bl@08058750
0x08056E68	t	0x64	sub_08056E68	code_08055EB0	gap 08056E66-080573D0
0x08056ECC	t	0x504	sub_08056ECC	code_08056ECC	bl@0803D658
0x080573D0	t	0xBC	sub_080573D0	code_08056ECC	bl@080586B0
0x0805748C	t	0xC4	sub_0805748C	code_08056ECC	gap 0805748A-0805761C
0x08057550	t	0xCC	sub_08057550	code_08056ECC	gap 08057550-0805761C
0x0805761C	t	0x20	sub_0805761C	code_08056ECC	bl@080587BC
0x0805763C	t	0x80	sub_0805763C	code_08056ECC	gap 0805763C-08058514
0x080576BC	t	0x140	sub_080576BC	code_08056ECC	gap 080576BC-08058514
0x080577FC	t	0x58	sub_080577FC	code_08056ECC	gap 080577FC-08058514
0x08057854	t	0x58	sub_08057854	code_08056ECC	gap 08057854-08058514
0x080578AC	t	0x48	sub_080578AC	code_08056ECC	gap 080578AC-08058514
0x080578F4	t	0x88	sub_080578F4	code_08056ECC	gap 080578F4-08058514
0x0805797C	t	0x104	sub_0805797C	code_08056ECC	gap 0805797C-08058514
0x08057A80	t	0x12C	sub_08057A80	code_08056ECC	gap 08057A7E-08058514
0x08057BAC	t	0xA4	sub_08057BAC	code_08056ECC	gap 08057BAA-08058514
0x08057C50	t	0x44	sub_08057C50	code_08056ECC	gap 08057C50-08058514
0x08057C94	t	0x174	sub_08057C94	code_08056ECC	gap 08057C94-08058514
0x08057E08	t	0x34	sub_08057E08	code_08056ECC	bl@0805BF88
0x08057E3C	t	0x34	sub_08057E3C	code_08056ECC	bl@0805C026
0x08057E70	t	0x70	sub_08057E70	code_08056ECC	gap 08057E70-08058514
0x08057EE0	t	0x8C	sub_08057EE0	code_08057EE0	gap 08057EE0-08058514
0x08057F6C	t	0x108	sub_08057F6C	code_08057EE0	gap 08057F6C-08058514
0x08058074	t	0x28	sub_08058074	code_08057EE0	gap 08058074-08058514
0x0805809C	t	0x2C	sub_0805809C	code_08057EE0	bl@0805B4BE
0x080580C8	t	0x290	sub_080580C8	code_08057EE0	bl@0805B53E
0x08058358	t	0x1BC	sub_08058358	code_08057EE0	bl@0805B4D2
0x08058514	t	0x410	sub_08058514	code_08057EE0	bl@0804294E
0x08058924	t	0xA4	sub_08058924	code_08057EE0	gap 08058924-08058EDC
0x080589C8	t	0x514	sub_080589C8	code_08057EE0	gap 080589C6-08058EDC
0x08058EDC	t	0x208	sub_08058EDC	code_08057EE0	bl@0801F8E2
0x080590E4	t	0x80	sub_080590E4	code_080590E4	gap 080590E4-08063BAC
0x08059164	t	0x58	sub_08059164	code_080590E4	gap 08059164-0805DC38
0x080591BC	t	0x9C	sub_080591BC	code_080590E4	gap 080591BC-0805D58C
0x08059258	t	0xB4	sub_08059258	code_080590E4	gap 08059258-0805D58C
0x0805930C	t	0x68	sub_0805930C	code_080590E4	gap 0805930C-0805D58C
0x08059374	t	0x94	sub_08059374	code_080590E4	gap 08059374-0805D58C
0x08059408	t	0x378	sub_08059408	code_080590E4	gap 08059408-0805D58C
0x08059780	t	0x1D4	sub_08059780	code_080590E4	gap 0805977E-0805D58C
0x08059954	t	0xDC	sub_08059954	code_080590E4	gap 08059954-0805D58C
0x08059A30	t	0x48	sub_08059A30	code_080590E4	gap 08059A2E-0805D58C
0x08059A78	t	0x9C	sub_08059A78	code_080590E4	gap 08059A76-0805D58C
0x08059B14	t	0x7F8	sub_08059B14	code_080590E4	gap 08059B14-0805D58C
0x0805A30C	t	0x590	sub_0805A30C	code_0805A30C	gap 0805A30A-0805D58C
0x0805A89C	t	0x4C	sub_0805A89C	code_0805A30C	gap 0805A89C-0805D58C
0x0805A8E8	t	0x2A8	sub_0805A8E8	code_0805A30C	gap 0805A8E8-0805BC24
0x0805AB90	t	0x5F4	sub_0805AB90	code_0805A30C	gap 0805AB90-0805BC24
0x0805B184	t	0x270	sub_0805B184	code_0805A30C	gap 0805B182-0805BC24
0x0805B3F4	t	0x490	sub_0805B3F4	code_0805B3F4	gap 0805B3F2-0805BC24
0x0805B884	t	0x2FC	sub_0805B884	code_0805B3F4	gap 0805B882-0805BC24
0x0805BB80	t	0x60	sub_0805BB80	code_0805B3F4	gap 0805BB80-0805BC24
0x0805BBE0	t	0x44	sub_0805BBE0	code_0805B3F4	gap 0805BBE0-0805BC24
0x0805BC24	t	0x47C	sub_0805BC24	code_0805B3F4	bl@0805A8B2
0x0805C0A0	t	0x468	sub_0805C0A0	code_0805B3F4	gap 0805C09E-0805D58C
0x0805C508	t	0x430	sub_0805C508	code_0805C508	gap 0805C506-0805D58C
0x0805C938	t	0x1F4	sub_0805C938	code_0805C508	gap 0805C936-0805D58C
0x0805CB2C	t	0x278	sub_0805CB2C	code_0805C508	gap 0805CB2C-0805D58C
0x0805CDA4	t	0x108	sub_0805CDA4	code_0805C508	gap 0805CDA2-0805D58C
0x0805CEAC	t	0x1D4	sub_0805CEAC	code_0805C508	gap 0805CEAC-0805D58C
0x0805D080	t	0x1D4	sub_0805D080	code_0805C508	gap 0805D07E-0805D58C
0x0805D254	t	0x260	sub_0805D254	code_0805C508	gap 0805D252-0805D58C
0x0805D4B4	t	0x1C	sub_0805D4B4	code_0805C508	gap 0805D4B4-0805D58C
0x0805D4D0	t	0xBC	sub_0805D4D0	code_0805C508	gap 0805D4D0-0805D58C
0x0805D58C	t	0x17C	sub_0805D58C	code_0805D58C	bl@08024410
0x0805D708	t	0x140	sub_0805D708	code_0805D58C	bl@08024418
0x0805D848	t	0x1D4	sub_0805D848	code_0805D58C	bl@08024420
0x0805DA1C	t	0x174	sub_0805DA1C	code_0805D58C	bl@08024428
0x0805DB90	t	0xA8	sub_0805DB90	code_0805D58C	bl@08024430
0x0805DC38	t	0x104	sub_0805DC38	code_0805D58C	ptr@0805E74E
0x0805DD3C	t	0x28	sub_0805DD3C	code_0805D58C	bl@0805E886
0x0805DD64	t	0x60	sub_0805DD64	code_0805D58C	bl@0805DE5E
0x0805DDC4	t	0x70	sub_0805DDC4	code_0805D58C	bl@0805DF28
0x0805DE34	t	0x38	sub_0805DE34	code_0805D58C	bl@0805DEEC
0x0805DE6C	t	0x38	sub_0805DE6C	code_0805D58C	bl@0805DEDE
0x0805DEA4	t	0x60	sub_0805DEA4	code_0805D58C	bl@0805EC74
0x0805DF04	t	0x30	sub_0805DF04	code_0805D58C	bl@0805EC9C
0x0805DF34	t	0x120	sub_0805DF34	code_0805D58C	bl@0805E5FA
0x0805E054	t	0xAC	sub_0805E054	code_0805D58C	bl@0805E724
0x0805E100	t	0xD0	sub_0805E100	code_0805D58C	bl@0805E606
0x0805E1D0	t	0x1E8	sub_0805E1D0	code_0805D58C	bl@0805E730
0x0805E3B8	t	0x3D0	sub_0805E3B8	code_0805D58C	bl@0800D478
0x0805E788	t	0x574	sub_0805E788	code_0805E788	bl@0800D4A2
0x0805ECFC	t	0x7C	sub_0805ECFC	code_0805E788	bl@0805F974
0x0805ED78	t	0x24	sub_0805ED78	code_0805E788	bl@08060A54
0x0805ED9C	t	0x44	sub_0805ED9C	code_0805E788	bl@08060A50
0x0805EDE0	t	0x50	sub_0805EDE0	code_0805E788	gap 0805EDE0-0805EE30
0x0805EE30	t	0x48	sub_0805EE30	code_0805E788	bl@0805F74E
0x0805EE78	t	0x64	sub_0805EE78	code_0805E788	bl@0805F7EA
0x0805EEDC	t	0x24	sub_0805EEDC	code_0805E788	bl@0805F85A
0x0805EF00	t	0x10C	sub_0805EF00	code_0805E788	bl@0805F92A
0x0805F00C	t	0x68	sub_0805F00C	code_0805E788	bl@08014E38
0x0805F074	t	0x1FC	sub_0805F074	code_0805E788	bl@0805FAB6
0x0805F270	t	0x3DC	sub_0805F270	code_0805E788	bl@0805FA92
0x0805F64C	t	0xDC	sub_0805F64C	code_0805E788	bl@0805FB88
0x0805F728	t	0x244	sub_0805F728	code_0805E788	bl@0805FA36
0x0805F96C	t	0x238	sub_0805F96C	code_0805F96C	bl@0800EAB6
0x0805FBA4	t	0x74	sub_0805FBA4	code_0805F96C	gap 0805FBA4-08060400
0x0805FC18	t	0xDC	sub_0805FC18	code_0805F96C	ptr@08060332
0x0805FCF4	t	0x34	sub_0805FCF4	code_0805F96C	bl@0805FD7C
0x0805FD28	t	0x17C	sub_0805FD28	code_0805F96C	bl@080602BE
0x0805FEA4	t	0x1D8	sub_0805FEA4	code_0805F96C	gap 0805FEA4-080602A4
0x0806007C	t	0x30	sub_0806007C	code_0805F96C	bl@08060380
0x080600AC	t	0x2C	sub_080600AC	code_0805F96C	bl@080603D4
0x080600D8	t	0x88	sub_080600D8	code_0805F96C	bl@080603B6
0x08060160	t	0x144	sub_08060160	code_0805F96C	gap 08060160-080602A4
0x080602A4	t	0x64	sub_080602A4	code_0805F96C	bl@08042576
0x08060308	t	0x3C	sub_08060308	code_0805F96C	bl@08042580
0x08060344	t	0xBC	sub_08060344	code_0805F96C	gap 08060344-08060400
0x08060400	t	0x1C	sub_08060400	code_0805F96C	ptr@08060A66
0x0806041C	t	0x30	sub_0806041C	code_0805F96C	bl@080609DC
0x0806044C	t	0x12C	sub_0806044C	code_0805F96C	bl@0801648E
0x08060578	t	0x1E4	sub_08060578	code_0805F96C	bl@080609E4
0x0806075C	t	0x160	sub_0806075C	code_0805F96C	bl@080609E0
0x080608BC	t	0x78	sub_080608BC	code_0805F96C	bl@0806095C
0x08060934	t	0x30	sub_08060934	code_0805F96C	bl@08060A2A
0x08060964	t	0x60	sub_08060964	code_0805F96C	bl@08060A48
0x080609C4	t	0xE8	sub_080609C4	code_080609C4	bl@08016432
0x08060AAC	t	0x80	sub_08060AAC	code_080609C4	bl@08060B60
0x08060B2C	t	0x20	sub_08060B2C	code_080609C4	bl@0801643C
0x08060B4C	t	0x20	sub_08060B4C	code_080609C4	bl@08016462
0x08060B6C	t	0x84	sub_08060B6C	code_080609C4	gap 08060B6A-08060CEC
0x08060BF0	t	0x78	sub_08060BF0	code_080609C4	gap 08060BF0-08060CEC
0x08060C68	t	0x84	sub_08060C68	code_080609C4	gap 08060C68-08060CEC
0x08060CEC	t	0x78	sub_08060CEC	code_080609C4	bl@0801667E
0x08060D64	t	0x74	sub_08060D64	code_080609C4	bl@080166E6
0x08060DD8	t	0x54	sub_08060DD8	code_080609C4	bl@0806119C
0x08060E2C	t	0xA0	sub_08060E2C	code_080609C4	bl@0806117C
0x08060ECC	t	0x104	sub_08060ECC	code_080609C4	bl@0806108C
0x08060FD0	t	0x34	sub_08060FD0	code_080609C4	bl@0800DB7E
0x08061004	t	0x1A8	sub_08061004	code_080609C4	bl@080611BA
0x080611AC	t	0x60	sub_080611AC	code_080609C4	bl@08060A4C
0x0806120C	t	0xE8	sub_0806120C	code_080609C4	gap 0806120C-08061848
0x080612F4	t	0x28C	sub_080612F4	code_080609C4	gap 080612F4-080617F4
0x08061580	t	0x150	sub_08061580	code_080609C4	gap 08061580-080617F4
0x080616D0	t	0x120	sub_080616D0	code_080609C4	gap 080616D0-080617F4
0x080617F0	t	0x4	sub_080617F0	code_080609C4	gap 080617F0-080617F4
0x080617F4	t	0x4	sub_080617F4	code_080609C4	bl@08023640
0x080617F8	t	0x50	sub_080617F8	code_080609C4	gap 080617F6-08061848
0x08061848	t	0x7C	sub_08061848	code_080609C4	bl@08061932
0x080618C4	t	0xA8	sub_080618C4	code_080609C4	bl@08062124
0x0806196C	t	0x7C	sub_0806196C	code_080609C4	bl@08061EC4
0x080619E8	t	0x34	sub_080619E8	code_080619E8	bl@08014CA0
0x08061A1C	t	0x308	sub_08061A1C	code_080619E8	bl@08014CDE
0x08061D24	t	0x130	sub_08061D24	code_080619E8	bl@08014CEE
0x08061E54	t	0x2EC	sub_08061E54	code_080619E8	bl@08014CF6
0x08062140	t	0x12C	sub_08062140	code_080619E8	bl@0801DA1A
0x0806226C	t	0xE8	sub_0806226C	code_080619E8	bl@08061154
0x08062354	t	0x18	sub_08062354	code_080619E8	bl@080623F8
0x0806236C	t	0x40	sub_0806236C	code_080619E8	bl@080623D6
0x080623AC	t	0x40	sub_080623AC	code_080619E8	bl@08014788
0x080623EC	t	0x34	sub_080623EC	code_080619E8	bl@08014794
0x08062420	t	0x3C	sub_08062420	code_080619E8	gap 08062420-08063BAC
0x0806245C	t	0x48	sub_0806245C	code_080619E8	gap 0806245C-08063AF8
0x080624A4	t	0x160	sub_080624A4	code_080619E8	gap 080624A4-08063AF8
0x08062604	t	0x3EC	sub_08062604	code_080619E8	gap 08062604-08063AF8
0x080629F0	t	0x1C	sub_080629F0	code_080629F0	gap 080629EE-08063AF8
0x08062A0C	t	0xC8	sub_08062A0C	code_080629F0	gap 08062A0C-08063AF8
0x08062AD4	t	0x20	sub_08062AD4	code_080629F0	gap 08062AD4-08063AF8
0x08062AF4	t	0x3F4	sub_08062AF4	code_080629F0	gap 08062AF4-08063AF8
0x08062EE8	t	0x84	sub_08062EE8	code_080629F0	gap 08062EE8-08063AF8
0x08062F6C	t	0xD4	sub_08062F6C	code_080629F0	gap 08062F6C-08063AF8
0x08063040	t	0x2F0	sub_08063040	code_080629F0	gap 08063040-08063AF8
0x08063330	t	0x24	sub_08063330	code_080629F0	gap 08063330-08063AF8
0x08063354	t	0x128	sub_08063354	code_080629F0	gap 08063354-08063AF8
0x0806347C	t	0x190	sub_0806347C	code_080629F0	gap 0806347C-08063AF8
0x0806360C	t	0xA0	sub_0806360C	code_080629F0	gap 0806360C-08063AF8
0x080636AC	t	0x37C	sub_080636AC	code_080629F0	gap 080636AC-08063AF8
0x08063A28	t	0x90	sub_08063A28	code_08063A28	gap 08063A28-08063AF8
0x08063AB8	t	0x40	sub_08063AB8	code_08063A28	gap 08063AB8-08063AF8
0x08063AF8	t	0x50	sub_08063AF8	code_08063A28	bl@0801C710
0x08063B48	t	0x60	sub_08063B48	code_08063A28	bl@0801C89A
0x08063BA8	t	0x4	sub_08063BA8	code_08063A28	gap 08063BA8-08063BAC
0x08063BAC	t	0x68	sub_08063BAC	code_08063A28	bl@08063E28
0x08063C14	t	0x68	sub_08063C14	code_08063A28	bl@08063E2E
0x08063C7C	t	0x68	sub_08063C7C	code_08063A28	bl@08063E34
0x08063CE4	t	0x68	sub_08063CE4	code_08063A28	bl@08063E8E
0x08063D4C	t	0x60	sub_08063D4C	code_08063A28	bl@08063E88
0x08063DAC	t	0xF4	sub_08063DAC	code_08063A28	bl@080041A6
0x08063EA0	t	0x3C	sub_08063EA0	code_08063A28	gap 08063E9E-0807289C
0x08063EDC	t	0x388	sub_08063EDC	code_08063A28	gap 08063EDC-0807289C
0x08064264	t	0x2C	sub_08064264	code_08063A28	gap 08064264-0807289C
0x08064290	t	0x9C	sub_08064290	code_08063A28	gap 08064290-08064768
0x0806432C	t	0x44	sub_0806432C	code_08063A28	gap 0806432C-08064768
0x08064370	t	0x74	sub_08064370	code_08063A28	gap 08064370-08064768
0x080643E4	t	0x3C	sub_080643E4	code_08063A28	gap 080643E4-08064768
0x08064420	t	0x118	sub_08064420	code_08063A28	gap 08064420-08064768
0x08064538	t	0x78	sub_08064538	code_08063A28	gap 08064538-08064768
0x080645B0	t	0x54	sub_080645B0	code_08063A28	gap 080645B0-08064768
0x08064604	t	0x94	sub_08064604	code_08063A28	gap 08064604-08064768
0x08064698	t	0x94	sub_08064698	code_08063A28	gap 08064698-08064768
0x0806472C	t	0x3C	sub_0806472C	code_08063A28	gap 0806472C-08064768
0x08064768	t	0x3C	sub_08064768	code_08063A28	bl@08064278
0x080647A4	t	0x130	sub_080647A4	code_08063A28	gap 080647A2-0807289C
0x080648D4	t	0x30	sub_080648D4	code_08063A28	gap 080648D4-0807289C
0x08064904	t	0x4	sub_08064904	code_08063A28	gap 08064902-08072584
0x08064908	t	0x20	sub_08064908	code_08063A28	gap 08064908-08072584
0x08064928	t	0x5C	sub_08064928	code_08063A28	gap 08064928-08072584
0x08064984	t	0x54	sub_08064984	code_08063A28	gap 08064984-08071F40
0x080649D8	t	0x118	sub_080649D8	code_08063A28	gap 080649D8-08071F40
0x08064AF0	t	0x4	sub_08064AF0	code_08064AF0	gap 08064AF0-08064E28
0x08064AF4	t	0xAC	sub_08064AF4	code_08064AF0	gap 08064AF2-08064E28
0x08064BA0	t	0x258	sub_08064BA0	code_08064AF0	gap 08064BA0-08064E28
0x08064DF8	t	0x30	sub_08064DF8	code_08064AF0	gap 08064DF8-08064E28
0x08064E28	t	0xD8	sub_08064E28	code_08064AF0	bl@08068E38
0x08064F00	t	0x90	sub_08064F00	code_08064AF0	gap 08064F00-08065F34
0x08064F90	t	0x3C	sub_08064F90	code_08064AF0	gap 08064F8E-08065F34
0x08064FCC	t	0x2C	sub_08064FCC	code_08064AF0	gap 08064FCC-08065F34
0x08064FF8	t	0x3C	sub_08064FF8	code_08064AF0	gap 08064FF8-08065F34
0x08065034	t	0x24	sub_08065034	code_08064AF0	bl@080651BC
0x08065058	t	0x7C	sub_08065058	code_08064AF0	gap 08065058-080650D4
0x080650D4	t	0x34	sub_080650D4	code_08064AF0	bl@080651F0
0x08065108	t	0x84	sub_08065108	code_08064AF0	bl@0806F5BE
0x0806518C	t	0x1F8	sub_0806518C	code_08064AF0	bl@0806F6E2
0x08065384	t	0x6C	sub_08065384	code_08064AF0	bl@0806F84A
0x080653F0	t	0x2C4	sub_080653F0	code_08064AF0	bl@0806F552
0x080656B4	t	0x144	sub_080656B4	code_08064AF0	bl@080659A6
0x080657F8	t	0x2BC	sub_080657F8	code_08064AF0	bl@0806F754
0x08065AB4	t	0x3B8	sub_08065AB4	code_08064AF0	bl@0806F760
0x08065E6C	t	0xC8	sub_08065E6C	code_08065E6C	bl@0806F76C
0x08065F34	t	0x44	sub_08065F34	code_08065E6C	bl@0806F2BC
0x08065F78	t	0x1EC	sub_08065F78	code_08065E6C	gap 08065F78-08066244
0x08066164	t	0xE0	sub_08066164	code_08065E6C	gap 08066164-08066244
0x08066244	t	0x1C	sub_08066244	code_08065E6C	bl@0806F366
0x08066260	t	0xFC	sub_08066260	code_08065E6C	gap 08066260-080666AC
0x0806635C	t	0x11C	sub_0806635C	code_08065E6C	gap 0806635C-080666AC
0x08066478	t	0x15C	sub_08066478	code_08065E6C	gap 08066478-080666AC
0x080665D4	t	0x78	sub_080665D4	code_08065E6C	gap 080665D4-0806664C
0x0806664C	t	0x60	sub_0806664C	code_08065E6C	bl@0806F5E8
0x080666AC	t	0x8	sub_080666AC	code_08065E6C	bl@0806F36E
0x080666B4	t	0x24	sub_080666B4	code_08065E6C	gap 080666B2-08068DA4
0x080666D8	t	0x204	sub_080666D8	code_08065E6C	gap 080666D8-08068DA4
0x080668DC	t	0xC0	sub_080668DC	code_08065E6C	bl@08066D8A
0x0806699C	t	0x6B0	sub_0806699C	code_08065E6C	bl@080707CA
0x0806704C	t	0xC0	sub_0806704C	code_0806704C	gap 0806704A-0806710C
0x0806710C	t	0xDC	sub_0806710C	code_0806704C	bl@08067034
0x080671E8	t	0x28C	sub_080671E8	code_0806704C	bl@08067030
0x08067474	t	0xCC	sub_08067474	code_0806704C	gap 08067474-08067540
0x08067540	t	0xF0	sub_08067540	code_0806704C	ptr@080677F0
0x08067630	t	0x30	sub_08067630	code_0806704C	ptr@08067846
0x08067660	t	0x2A8	sub_08067660	code_0806704C	bl@080707DA
0x08067908	t	0xA0	sub_08067908	code_0806704C	bl@080707D4
0x080679A8	t	0x38	sub_080679A8	code_0806704C	gap 080679A8-080679E0
0x080679E0	t	0x3C4	sub_080679E0	code_0806704C	bl@08070732
0x08067DA4	t	0x3DC	sub_08067DA4	code_0806704C	bl@0807073A
0x08068180	t	0x2B4	sub_08068180	code_08068180	gap 08068180-080686E8
0x08068434	t	0x234	sub_08068434	code_08068180	bl@0806B192
0x08068668	t	0x80	sub_08068668	code_08068180	gap 08068668-080686E8
0x080686E8	t	0x4A8	sub_080686E8	code_08068180	bl@08066FCE
0x08068B90	t	0xB8	sub_08068B90	code_08068180	bl@08070828
0x08068C48	t	0xD4	sub_08068C48	code_08068180	bl@0807082C
0x08068D1C	t	0x88	sub_08068D1C	code_08068180	bl@0806F5A4
0x08068DA4	t	0x7C	sub_08068DA4	code_08068180	bl@0806F26C
0x08068E20	t	0x24	sub_08068E20	code_08068180	gap 08068E20-0806EF74
0x08068E44	t	0xB8	sub_08068E44	code_08068180	gap 08068E44-0806EF74
0x08068EFC	t	0xC0	sub_08068EFC	code_08068180	gap 08068EFC-0806ADBC
0x08068FBC	t	0x30	sub_08068FBC	code_08068180	gap 08068FBC-0806ADBC
0x08068FEC	t	0x28	sub_08068FEC	code_08068180	gap 08068FEC-0806ADBC
0x08069014	t	0xB0	sub_08069014	code_08068180	gap 08069014-0806ADBC
0x080690C4	t	0x1C0	sub_080690C4	code_08068180	gap 080690C4-0806ADBC
0x08069284	t	0x80C	sub_08069284	code_08069284	gap 08069284-0806ADBC
0x08069A90	t	0x50	sub_08069A90	code_08069284	gap 08069A90-0806ADBC
0x08069AE0	t	0x2F8	sub_08069AE0	code_08069284	gap 08069AE0-0806ADBC
0x08069DD8	t	0x48	sub_08069DD8	code_08069284	gap 08069DD8-0806ADBC
0x08069E20	t	0x44	sub_08069E20	code_08069284	gap 08069E20-0806ADBC
0x08069E64	t	0x40	sub_08069E64	code_08069284	gap 08069E64-0806ADBC
0x08069EA4	t	0x9C	sub_08069EA4	code_08069284	gap 08069EA4-0806ADBC
0x08069F40	t	0x6C	sub_08069F40	code_08069284	gap 08069F40-0806ADBC
0x08069FAC	t	0x38	sub_08069FAC	code_08069284	gap 08069FAC-0806ADBC
0x08069FE4	t	0x948	sub_08069FE4	code_08069284	gap 08069FE4-0806ADBC
0x0806A92C	t	0x40	sub_0806A92C	code_0806A92C	gap 0806A92C-0806ADBC
0x0806A96C	t	0x40	sub_0806A96C	code_0806A92C	gap 0806A96C-0806ADBC
0x0806A9AC	t	0x364	sub_0806A9AC	code_0806A92C	gap 0806A9AC-0806ADBC
0x0806AD10	t	0xAC	sub_0806AD10	code_0806A92C	gap 0806AD10-0806ADBC
0x0806ADBC	t	0x160	sub_0806ADBC	code_0806A92C	bl@0806C29C
0x0806AF1C	t	0x88	sub_0806AF1C	code_0806A92C	bl@0806B140
0x0806AFA4	t	0x1EC	sub_0806AFA4	code_0806A92C	bl@0806B2D6
0x0806B190	t	0x168	sub_0806B190	code_0806A92C	bl@08071D26
0x0806B2F8	t	0xB8	sub_0806B2F8	code_0806A92C	gap 0806B2F8-0806EF74
0x0806B3B0	t	0x1134	sub_0806B3B0	code_0806A92C	gap 0806B3B0-0806EF74
0x0806C4E4	t	0x50	sub_0806C4E4	code_0806C4E4	gap 0806C4E4-0806EF74
0x0806C534	t	0x5C	sub_0806C534	code_0806C4E4	gap 0806C534-0806EF74
0x0806C590	t	0x5D8	sub_0806C590	code_0806C4E4	gap 0806C590-0806EF74
0x0806CB68	t	0x1AC	sub_0806CB68	code_0806C4E4	gap 0806CB68-0806EF74
0x0806CD14	t	0xC0	sub_0806CD14	code_0806C4E4	gap 0806CD14-0806EF74
0x0806CDD4	t	0x23C	sub_0806CDD4	code_0806C4E4	gap 0806CDD4-0806EF74
0x0806D010	t	0x188	sub_0806D010	code_0806C4E4	gap 0806D010-0806EF74
0x0806D198	t	0x40	sub_0806D198	code_0806C4E4	gap 0806D198-0806EF74
0x0806D1D8	t	0x344	sub_0806D1D8	code_0806C4E4	gap 0806D1D8-0806EF74
0x0806D51C	t	0x118	sub_0806D51C	code_0806D51C	gap 0806D51C-0806EF74
0x0806D634	t	0x10	sub_0806D634	code_0806D51C	gap 0806D634-0806EF74
0x0806D644	t	0x560	sub_0806D644	code_0806D51C	gap 0806D644-0806EF74
0x0806DBA4	t	0xC	sub_0806DBA4	code_0806D51C	gap 0806DBA4-0806EF74
0x0806DBB0	t	0x1194	sub_0806DBB0	code_0806D51C	gap 0806DBB0-0806EF74
0x0806ED44	t	0x20	sub_0806ED44	code_0806ED44	gap 0806ED44-0806EF74
0x0806ED64	t	0xD0	sub_0806ED64	code_0806ED44	gap 0806ED64-0806EF74
0x0806EE34	t	0xD0	sub_0806EE34	code_0806ED44	gap 0806EE34-0806EF74
0x0806EF04	t	0x70	sub_0806EF04	code_0806ED44	gap 0806EF04-0806EF74
0x0806EF74	t	0xA8	sub_0806EF74	code_0806ED44	bl@0801CDAC
0x0806F01C	t	0x40	sub_0806F01C	code_0806ED44	gap 0806F01C-08071F40
0x0806F05C	t	0x60	sub_0806F05C	code_0806ED44	gap 0806F05C-08071F40
0x0806F0BC	t	0x3C	sub_0806F0BC	code_0806ED44	gap 0806F0BC-08071F40
0x0806F0F8	t	0x308	sub_0806F0F8	code_0806ED44	gap 0806F0F8-08071F40
0x0806F400	t	0x4	sub_0806F400	code_0806ED44	gap 0806F400-08071F40
0x0806F404	t	0x530	sub_0806F404	code_0806ED44	gap 0806F402-08071F40
0x0806F934	t	0x1008	sub_0806F934	code_0806ED44	gap 0806F934-08071F40
0x0807093C	t	0xE0	sub_0807093C	code_0807093C	gap 0807093C-08070F14
0x08070A1C	t	0x4F8	sub_08070A1C	code_0807093C	gap 08070A1C-08070F14
0x08070F14	t	0x4	sub_08070F14	code_0807093C	bl@0807070C
0x08070F18	t	0x1028	sub_08070F18	code_0807093C	gap 08070F16-08071F40
0x08071F40	t	0x60	sub_08071F40	code_08071F40	bl@080721D6
0x08071FA0	t	0x70	sub_08071FA0	code_08071F40	bl@08072148
0x08072010	t	0x44	sub_08072010	code_08071F40	bl@08072172
0x08072054	t	0x1E4	sub_08072054	code_08071F40	ptr@0807253C
0x08072238	t	0x78	sub_08072238	code_08071F40	gap 08072238-08072510
0x080722B0	t	0x104	sub_080722B0	code_08071F40	gap 080722B0-08072510
0x080723B4	t	0x15C	sub_080723B4	code_08071F40	bl@08022B0A
0x08072510	t	0x4C	sub_08072510	code_08071F40	bl@0801A84C
0x0807255C	t	0x28	sub_0807255C	code_08071F40	bl@0801A808
0x08072584	t	0x2C	sub_08072584	code_08071F40	bl@08074CAE
0x080725B0	t	0x1C8	sub_080725B0	code_08071F40	gap 080725AE-0807289C
0x08072778	t	0x90	sub_08072778	code_08071F40	gap 08072778-08072808
0x08072808	t	0x94	sub_08072808	code_08071F40	bl@08072AB6
0x0807289C	t	0x24	sub_0807289C	code_08071F40	bl@08073582
0x080728C0	t	0x138	sub_080728C0	code_08071F40	bl@08074EC6
0x080729F8	t	0x1C	sub_080729F8	code_08071F40	bl@08074EDC
0x08072A14	t	0xE4	sub_08072A14	code_08071F40	gap 08072A14-08072EB0
0x08072AF8	t	0xBC	sub_08072AF8	code_08071F40	gap 08072AF8-08072EB0
0x08072BB4	t	0x58	sub_08072BB4	code_08071F40	gap 08072BB4-08072EB0
0x08072C0C	t	0xA0	sub_08072C0C	code_08071F40	gap 08072C0C-08072EB0
0x08072CAC	t	0x7C	sub_08072CAC	code_08071F40	gap 08072CAC-08072EB0
0x08072D28	t	0x170	sub_08072D28	code_08071F40	gap 08072D28-08072EB0
0x08072E98	t	0x18	sub_08072E98	code_08071F40	gap 08072E98-08072EB0
0x08072EB0	t	0xFC	sub_08072EB0	code_08071F40	bl@0806433C
0x08072FAC	t	0xFC	sub_08072FAC	code_08072FAC	gap 08072FAC-08073184
0x080730A8	t	0xDC	sub_080730A8	code_08072FAC	gap 080730A8-08073184
0x08073184	t	0x4C	sub_08073184	code_08072FAC	bl@08073430
0x080731D0	t	0x9C	sub_080731D0	code_08072FAC	gap 080731D0-0807332C
0x0807326C	t	0xC0	sub_0807326C	code_08072FAC	gap 0807326C-0807332C
0x0807332C	t	0xC8	sub_0807332C	code_08072FAC	bl@08003BC2
0x080733F4	t	0xA4	sub_080733F4	code_08072FAC	gap 080733F4-08073498
0x08073498	t	0x3C	sub_08073498	code_08072FAC	bl@08073576
0x080734D4	t	0x2C	sub_080734D4	code_08072FAC	gap 080734D4-08073574
0x08073500	t	0x58	sub_08073500	code_08072FAC	bl@08004108
0x08073558	t	0x1C	sub_08073558	code_08072FAC	gap 08073558-08073574
0x08073574	t	0x60	sub_08073574	code_08072FAC	bl@08003B06
0x080735D4	t	0x168	sub_080735D4	code_08072FAC	gap 080735D4-08075228
0x0807373C	t	0x48	sub_0807373C	code_08072FAC	gap 0807373C-08074A90
0x08073784	t	0xA8	sub_08073784	code_08072FAC	gap 08073784-08074A90
0x0807382C	t	0x338	sub_0807382C	code_08072FAC	gap 0807382C-08074218
0x08073B64	t	0xAC	sub_08073B64	code_08072FAC	gap 08073B62-080740BC
0x08073C10	t	0x2F4	sub_08073C10	code_08072FAC	gap 08073C0E-080740BC
0x08073F04	t	0x1B8	sub_08073F04	code_08072FAC	gap 08073F04-080740BC
0x080740BC	t	0x11C	sub_080740BC	code_080740BC	bl@08073848
0x080741D8	t	0x40	sub_080741D8	code_080740BC	bl@0807417E
0x08074218	t	0x48	sub_08074218	code_080740BC	bl@0807381A
0x08074260	t	0x144	sub_08074260	code_080740BC	gap 08074260-08074A90
0x080743A4	t	0x8C	sub_080743A4	code_080740BC	gap 080743A4-08074A90
0x08074430	t	0x44	sub_08074430	code_080740BC	gap 08074430-08074A90
0x08074474	t	0xC	sub_08074474	code_080740BC	gap 08074474-08074A90
0x08074480	t	0xC	sub_08074480	code_080740BC	gap 08074480-08074A90
0x0807448C	t	0xC8	sub_0807448C	code_080740BC	gap 0807448C-08074A90
0x08074554	t	0x40	sub_08074554	code_080740BC	gap 08074554-08074A90
0x08074594	t	0xA4	sub_08074594	code_080740BC	gap 08074594-08074A90
0x08074638	t	0xB8	sub_08074638	code_080740BC	gap 08074638-08074A90
0x080746F0	t	0xA4	sub_080746F0	code_080740BC	gap 080746F0-08074A90
0x08074794	t	0xD4	sub_08074794	code_080740BC	gap 08074794-08074A90
0x08074868	t	0x180	sub_08074868	code_080740BC	gap 08074866-08074A90
0x080749E8	t	0x4C	sub_080749E8	code_080740BC	gap 080749E8-08074A90
0x08074A34	t	0x5C	sub_08074A34	code_080740BC	gap 08074A34-08074A90
0x08074A90	t	0x24	sub_08074A90	code_080740BC	bl@08072B2E
0x08074AB4	t	0x54	sub_08074AB4	code_080740BC	bl@08074F94
0x08074B08	t	0x30	sub_08074B08	code_080740BC	bl@08004BBA
0x08074B38	t	0x3C	sub_08074B38	code_080740BC	gap 08074B38-08074B74
0x08074B74	t	0x84	sub_08074B74	code_080740BC	bl@08074D94
0x08074BF8	t	0x88	sub_08074BF8	code_080740BC	bl@08074D2C
0x08074C80	t	0xC8	sub_08074C80	code_080740BC	bl@08074EFC
0x08074D48	t	0xD8	sub_08074D48	code_080740BC	bl@08074FC6
0x08074E20	t	0x40	sub_08074E20	code_080740BC	gap 08074E20-08074E60
0x08074E60	t	0xF0	sub_08074E60	code_080740BC	bl@08075036
0x08074F50	t	0xCC	sub_08074F50	code_080740BC	bl@08075044
0x0807501C	t	0x34	sub_0807501C	code_080740BC	bl@08004BF2
0x08075050	t	0x4C	sub_08075050	code_080740BC	gap 0807504E-08075114
0x0807509C	t	0x44	sub_0807509C	code_080740BC	gap 0807509C-08075114
0x080750E0	t	0x34	sub_080750E0	code_080750E0	gap 080750E0-08075114
0x08075114	t	0x114	sub_08075114	code_080750E0	bl@08004C0E
0x08075228	t	0x50	sub_08075228	code_080750E0	bl@08075D3A
0x08075278	t	0x1C	sub_08075278	code_080750E0	bl@080770EE
0x08075294	t	0x1C	sub_08075294	code_080750E0	bl@08075646
0x080752B0	t	0x20	sub_080752B0	code_080750E0	bl@08075D24
0x080752D0	t	0x18	sub_080752D0	code_080750E0	gap 080752CE-080753CC
0x080752E8	t	0x20	sub_080752E8	code_080750E0	bl@08075410
0x08075308	t	0x68	sub_08075308	code_080750E0	gap 08075308-080753CC
0x08075370	t	0x5C	sub_08075370	code_080750E0	bl@08075450
0x080753CC	t	0x14	sub_080753CC	code_080750E0	bl@08004BC0
0x080753E0	t	0x14	sub_080753E0	code_080750E0	gap 080753E0-080754BC
0x080753F4	t	0x40	sub_080753F4	code_080750E0	gap 080753F4-080754BC
0x08075434	t	0x40	sub_08075434	code_080750E0	gap 08075432-080754BC
0x08075474	t	0x18	sub_08075474	code_080750E0	gap 08075474-080754BC
0x0807548C	t	0x18	sub_0807548C	code_080750E0	gap 0807548A-080754BC
0x080754A4	t	0x18	sub_080754A4	code_080750E0	gap 080754A2-080754BC
0x080754BC	t	0x3C	sub_080754BC	code_080750E0	bl@08075502
0x080754F8	t	0xA8	sub_080754F8	code_080750E0	bl@08075DBA
0x080755A0	t	0x90	sub_080755A0	code_080750E0	gap 080755A0-0807569C
0x08075630	t	0x6C	sub_08075630	code_080750E0	bl@0807357A
0x0807569C	t	0x70	sub_0807569C	code_080750E0	ptr@08075E32
0x0807570C	t	0x34	sub_0807570C	code_080750E0	ptr@08075E3C
0x08075740	t	0x4	sub_08075740	code_080750E0	ptr@08075E4E
0x08075744	t	0x34	sub_08075744	code_080750E0	bl@080757AE
0x08075778	t	0x34	sub_08075778	code_080750E0	bl@080757B2
0x080757AC	t	0x10	sub_080757AC	code_080750E0	bl@08075EE8
0x080757BC	t	0x38	sub_080757BC	code_080750E0	gap 080757BA-080757F4
0x080757F4	t	0x28	sub_080757F4	code_080750E0	bl@08075B2A
0x0807581C	t	0x70	sub_0807581C	code_080750E0	gap 0807581C-080759F4
0x0807588C	t	0x70	sub_0807588C	code_080750E0	gap 0807588C-080759F4
0x080758FC	t	0x80	sub_080758FC	code_080750E0	gap 080758FC-080759F4
0x0807597C	t	0x78	sub_0807597C	code_080750E0	gap 0807597C-080759F4
0x080759F4	t	0x3C	sub_080759F4	code_080750E0	bl@08003AFE
0x08075A30	t	0x3C	sub_08075A30	code_080750E0	bl@08075EEC
0x08075A6C	t	0x78	sub_08075A6C	code_080750E0	gap 08075A6C-08075C44
0x08075AE4	t	0x74	sub_08075AE4	code_080750E0	gap 08075AE4-08075C44
0x08075B58	t	0x78	sub_08075B58	code_080750E0	gap 08075B58-08075C44
0x08075BD0	t	0x74	sub_08075BD0	code_080750E0	gap 08075BD0-08075C44
0x08075C44	t	0x70	sub_08075C44	code_080750E0	bl@08075D36
0x08075CB4	t	0xB8	sub_08075CB4	code_080750E0	bl@08075D98
0x08075D6C	t	0x4	sub_08075D6C	code_080750E0	bl@08075DBE
0x08075D70	t	0x84	sub_08075D70	code_080750E0	bl@08075F6A
0x08075DF4	t	0x170	sub_08075DF4	code_080750E0	bl@08075F66
0x08075F64	t	0x10	AgbMain	code_080750E0	seed
0x08075F74	t	0x128	sub_08075F74	code_080750E0	gap 08075F72-08076F9C
0x0807609C	t	0xA8	sub_0807609C	code_080750E0	gap 0807609C-08076F9C
0x08076144	t	0x1C	sub_08076144	code_08076144	gap 08076144-08076160
0x08076160	t	0x6C	sub_08076160	code_08076144	bl@080765F4
0x080761CC	t	0x24	sub_080761CC	code_08076144	gap 080761CC-080761F0
0x080761F0	t	0x6C	sub_080761F0	code_08076144	bl@08003F56
0x0807625C	t	0x74	sub_0807625C	code_08076144	gap 0807625C-08076F9C
0x080762D0	t	0x78	sub_080762D0	code_08076144	gap 080762D0-08076F9C
0x08076348	t	0x88	sub_08076348	code_08076144	gap 08076348-08076F9C
0x080763D0	t	0x78	sub_080763D0	code_08076144	gap 080763D0-08076F9C
0x08076448	t	0x1DC	sub_08076448	code_08076144	gap 08076448-08076F9C
0x08076624	t	0x80	sub_08076624	code_08076144	gap 08076624-08076F9C
0x080766A4	t	0x70	sub_080766A4	code_08076144	gap 080766A4-08076F9C
0x08076714	t	0x1DC	sub_08076714	code_08076144	gap 08076714-08076F9C
0x080768F0	t	0x6C	sub_080768F0	code_08076144	gap 080768F0-08076F9C
0x0807695C	t	0x80	sub_0807695C	code_08076144	gap 0807695C-08076F9C
0x080769DC	t	0x44	sub_080769DC	code_08076144	bl@080769C8
0x08076A20	t	0x1CC	sub_08076A20	code_08076144	gap 08076A1E-08076F9C
0x08076BEC	t	0x1C0	sub_08076BEC	code_08076144	gap 08076BEC-08076F9C
0x08076DAC	t	0x1F0	sub_08076DAC	code_08076144	gap 08076DAC-08076F9C
0x08076F9C	t	0x28	sub_08076F9C	code_08076144	bl@08075D42
0x08076FC4	t	0x34	sub_08076FC4	code_08076144	gap 08076FC4-08077080
0x08076FF8	t	0x24	sub_08076FF8	code_08076144	gap 08076FF6-0807701C
0x0807701C	t	0x18	sub_0807701C	code_08076144	bl@08077102
0x08077034	t	0x4C	sub_08077034	code_08076144	gap 08077034-08077080
0x08077080	t	0x3C	sub_08077080	code_08076144	bl@080754BE
0x080770BC	t	0x20	sub_080770BC	code_08076144	bl@080770E0
0x080770DC	t	0xC	sub_080770DC	code_08076144	bl@08075EFC
0x080770E8	t	0x2C	sub_080770E8	code_08076144	gap 080770E8-08077A74
0x08077114	t	0x68	sub_08077114	code_08076144	gap 08077114-08077A44
0x0807717C	t	0x2C	sub_0807717C	code_0807717C	bl@08077506
0x080771A8	t	0x2C0	sub_080771A8	code_0807717C	gap 080771A8-08077468
0x08077468	t	0x30	sub_08077468	code_0807717C	bl@080774A2
0x08077498	t	0x54	sub_08077498	code_0807717C	bl@0807713C
0x080774EC	t	0x68	sub_080774EC	code_0807717C	gap 080774EC-08077A44
0x08077554	t	0x68	sub_08077554	code_0807717C	gap 08077554-08077A44
0x080775BC	t	0x60	sub_080775BC	code_0807717C	gap 080775BC-08077A44
0x0807761C	t	0x50	sub_0807761C	code_0807717C	gap 0807761C-08077A44
0x0807766C	t	0x8C	sub_0807766C	code_0807717C	gap 0807766C-08077A44
0x080776F8	t	0x8C	sub_080776F8	code_0807717C	gap 080776F8-08077A44
0x08077784	t	0x88	sub_08077784	code_0807717C	gap 08077784-08077A44
0x0807780C	t	0x13C	sub_0807780C	code_0807717C	gap 0807780C-08077A44
0x08077948	t	0x50	sub_08077948	code_0807717C	gap 08077946-08077A44
0x08077998	t	0x50	sub_08077998	code_0807717C	gap 08077998-08077A44
0x080779E8	t	0x40	sub_080779E8	code_0807717C	gap 080779E8-08077A44
0x08077A28	t	0x1C	sub_08077A28	code_0807717C	gap 08077A28-08077A44
0x08077A44	t	0x18	sub_08077A44	code_0807717C	bl@08077AF0
0x08077A5C	t	0x18	sub_08077A5C	code_0807717C	bl@08077B28
0x08077A74	t	0x3C	sub_08077A74	code_0807717C	bl@08075EF2
0x08077AB0	t	0x3C	sub_08077AB0	code_0807717C	bl@08075EF8
0x08077AEC	t	0x38	sub_08077AEC	code_0807717C	gap 08077AEC-0807D3D0
0x08077B24	t	0x30	sub_08077B24	code_0807717C	gap 08077B24-0807D3D0
0x08077B54	t	0x1C	sub_08077B54	code_0807717C	gap 08077B54-0807D3D0
0x08077B70	t	0x30	sub_08077B70	code_0807717C	gap 08077B6E-0807A320
0x08077BA0	t	0x2C	sub_08077BA0	code_0807717C	gap 08077BA0-0807A320
0x08077BCC	t	0x2C	sub_08077BCC	code_0807717C	gap 08077BCC-08077CEC
0x08077BF8	t	0x20	sub_08077BF8	code_0807717C	gap 08077BF8-08077CEC
0x08077C18	t	0x38	sub_08077C18	code_0807717C	gap 08077C18-08077CEC
0x08077C50	t	0x9C	sub_08077C50	code_0807717C	gap 08077C50-08077CEC
0x08077CEC	t	0x4C	sub_08077CEC	code_0807717C	bl@080004BC
0x08077D38	t	0x58	sub_08077D38	code_0807717C	gap 08077D38-08077E40
0x08077D90	t	0xB0	sub_08077D90	code_0807717C	gap 08077D8E-08077E40
0x08077E40	t	0x48	sub_08077E40	code_0807717C	bl@08078154
0x08077E88	t	0x4C	sub_08077E88	code_0807717C	bl@080781CC
0x08077ED4	t	0x20	sub_08077ED4	code_0807717C	bl@080783F8
0x08077EF4	t	0x5F0	sub_08077EF4	code_0807717C	bl@0807B950
0x080784E4	t	0x50	sub_080784E4	code_080784E4	gap 080784E4-08078670
0x08078534	t	0x13C	sub_08078534	code_080784E4	gap 08078532-08078670
0x08078670	t	0x60	sub_08078670	code_080784E4	bl@0800051E
0x080786D0	t	0x4C	sub_080786D0	code_080784E4	gap 080786D0-0807A1A8
0x0807871C	t	0x2C	sub_0807871C	code_080784E4	gap 0807871C-0807A1A8
0x08078748	t	0xAC	sub_08078748	code_080784E4	gap 08078748-0807A1A8
0x080787F4	t	0x48	sub_080787F4	code_080784E4	gap 080787F4-0807A1A8
0x0807883C	t	0x64	sub_0807883C	code_080784E4	gap 0807883C-0807A1A8
0x080788A0	t	0xC	sub_080788A0	code_080784E4	gap 080788A0-0807A1A8
0x080788AC	t	0x39C	sub_080788AC	code_080784E4	gap 080788AC-0807A1A8
0x08078C48	t	0x60	sub_08078C48	code_080784E4	gap 08078C48-0807A1A8
0x08078CA8	t	0x20	sub_08078CA8	code_080784E4	gap 08078CA6-080798B8
0x08078CC8	t	0xFC	sub_08078CC8	code_080784E4	gap 08078CC6-080798B8
0x08078DC4	t	0x68	sub_08078DC4	code_080784E4	gap 08078DC4-08078ED4
0x08078E2C	t	0x54	sub_08078E2C	code_080784E4	gap 08078E2C-08078E80
0x08078E80	t	0x54	sub_08078E80	code_080784E4	bl@080796B0
0x08078ED4	t	0x100	sub_08078ED4	code_080784E4	bl@0807926C
0x08078FD4	t	0x94	sub_08078FD4	code_080784E4	bl@08079248
0x08079068	t	0x18C	sub_08079068	code_080784E4	gap 08079068-080791F4
0x080791F4	t	0xAC	sub_080791F4	code_080784E4	bl@08079438
0x080792A0	t	0xA0	sub_080792A0	code_080784E4	bl@08065C38
0x08079340	t	0xC4	sub_08079340	code_080784E4	bl@080651EC
0x08079404	t	0x70	sub_08079404	code_080784E4	bl@08065174
0x08079474	t	0x6C	sub_08079474	code_080784E4	bl@0806F8DE
0x080794E0	t	0x12C	sub_080794E0	code_080784E4	bl@08065DD6
0x0807960C	t	0xF4	sub_0807960C	code_0807960C	gap 0807960A-080798B8
0x08079700	t	0x134	sub_08079700	code_0807960C	gap 080796FE-08079834
0x08079834	t	0x84	sub_08079834	code_0807960C	bl@0806FAFC
0x080798B8	t	0x104	sub_080798B8	code_0807960C	bl@08079BF8
0x080799BC	t	0x8C	sub_080799BC	code_0807960C	bl@08079B68
0x08079A48	t	0x140	sub_08079A48	code_0807960C	bl@08079E06
0x08079B88	t	0x140	sub_08079B88	code_0807960C	bl@08079D42
0x08079CC8	t	0xC0	sub_08079CC8	code_0807960C	bl@08079EC2
0x08079D88	t	0xC8	sub_08079D88	code_0807960C	bl@08079EA4
0x08079E50	t	0x84	sub_08079E50	code_0807960C	bl@08001190
0x08079ED4	t	0x3C	sub_08079ED4	code_0807960C	bl@08000F68
0x08079F10	t	0x30	sub_08079F10	code_0807960C	bl@0800102E
0x08079F40	t	0x9C	sub_08079F40	code_0807960C	bl@0800109A
0x08079FDC	t	0x1A0	sub_08079FDC	code_0807960C	gap 08079FDC-0807A1A8
0x0807A17C	t	0x14	sub_0807A17C	code_0807960C	gap 0807A17C-0807A1A8
0x0807A190	t	0x18	sub_0807A190	code_0807960C	gap 0807A190-0807A1A8
0x0807A1A8	t	0xF0	sub_0807A1A8	code_0807960C	bl@0800044C
0x0807A298	t	0x54	sub_0807A298	code_0807960C	gap 0807A298-0807A320
0x0807A2EC	t	0x34	sub_0807A2EC	code_0807960C	gap 0807A2EC-0807A320
0x0807A320	t	0x5C	sub_0807A320	code_0807960C	bl@080002EA
0x0807A37C	t	0x1C	sub_0807A37C	code_0807960C	gap 0807A37C-0807B4D0
0x0807A398	t	0x88	sub_0807A398	code_0807960C	gap 0807A396-0807B4D0
0x0807A420	t	0x70	sub_0807A420	code_0807960C	gap 0807A420-0807B4C0
0x0807A490	t	0x58	sub_0807A490	code_0807960C	gap 0807A48E-0807B4C0
0x0807A4E8	t	0x40	sub_0807A4E8	code_0807960C	gap 0807A4E8-0807B4C0
0x0807A528	t	0x40	sub_0807A528	code_0807960C	gap 0807A526-0807B4C0
0x0807A568	t	0x6C	sub_0807A568	code_0807960C	gap 0807A568-0807A908
0x0807A5D4	t	0xD8	sub_0807A5D4	code_0807960C	gap 0807A5D2-0807A908
0x0807A6AC	t	0xA8	sub_0807A6AC	code_0807A6AC	gap 0807A6AA-0807A908
0x0807A754	t	0xB4	sub_0807A754	code_0807A6AC	gap 0807A754-0807A908
0x0807A808	t	0x90	sub_0807A808	code_0807A6AC	gap 0807A808-0807A908
0x0807A898	t	0x70	sub_0807A898	code_0807A6AC	gap 0807A898-0807A908
0x0807A908	t	0x58	sub_0807A908	code_0807A6AC	bl@08026E08
0x0807A960	t	0x60	sub_0807A960	code_0807A6AC	gap 0807A960-0807B4C0
0x0807A9C0	t	0x8C	sub_0807A9C0	code_0807A6AC	gap 0807A9C0-0807B4C0
0x0807AA4C	t	0x98	sub_0807AA4C	code_0807A6AC	gap 0807AA4A-0807B4C0
0x0807AAE4	t	0xA8	sub_0807AAE4	code_0807A6AC	gap 0807AAE4-0807B0C0
0x0807AB8C	t	0x74	sub_0807AB8C	code_0807A6AC	gap 0807AB8C-0807B0C0
0x0807AC00	t	0x5C	sub_0807AC00	code_0807A6AC	gap 0807AC00-0807B0C0
0x0807AC5C	t	0x2C	sub_0807AC5C	code_0807A6AC	gap 0807AC5C-0807B0C0
0x0807AC88	t	0xB8	sub_0807AC88	code_0807A6AC	gap 0807AC86-0807B0C0
0x0807AD40	t	0xA8	sub_0807AD40	code_0807A6AC	gap 0807AD3E-0807AEF0
0x0807ADE8	t	0xA0	sub_0807ADE8	code_0807A6AC	gap 0807ADE8-0807AEF0
0x0807AE88	t	0x68	sub_0807AE88	code_0807A6AC	gap 0807AE88-0807AEF0
0x0807AEF0	t	0x10C	sub_0807AEF0	code_0807A6AC	bl@0807B006
0x0807AFFC	t	0x14	sub_0807AFFC	code_0807A6AC	bl@0806F736
0x0807B010	t	0x18	sub_0807B010	code_0807A6AC	gap 0807B00E-0807B0C0
0x0807B028	t	0x30	sub_0807B028	code_0807A6AC	gap 0807B028-0807B0C0
0x0807B058	t	0x30	sub_0807B058	code_0807A6AC	gap 0807B058-0807B0C0
0x0807B088	t	0x8	sub_0807B088	code_0807A6AC	gap 0807B088-0807B0C0
0x0807B090	t	0x30	sub_0807B090	code_0807A6AC	gap 0807B090-0807B0C0
0x0807B0C0	t	0x8	sub_0807B0C0	code_0807A6AC	bl@080012F6
0x0807B0C8	t	0x8	sub_0807B0C8	code_0807A6AC	gap 0807B0C8-0807B0EC
0x0807B0D0	t	0x1C	sub_0807B0D0	code_0807A6AC	gap 0807B0D0-0807B0EC
0x0807B0EC	t	0x14	sub_0807B0EC	code_0807A6AC	bl@0802553A
0x0807B100	t	0x14	sub_0807B100	code_0807A6AC	bl@0802554A
0x0807B114	t	0x3C	sub_0807B114	code_0807A6AC	gap 0807B112-0807B4A8
0x0807B150	t	0xD4	sub_0807B150	code_0807A6AC	gap 0807B14E-0807B4A8
0x0807B224	t	0xF8	sub_0807B224	code_0807A6AC	gap 0807B224-0807B4A8
0x0807B31C	t	0xC0	sub_0807B31C	code_0807A6AC	gap 0807B31C-0807B4A8
0x0807B3DC	t	0xCC	sub_0807B3DC	code_0807A6AC	gap 0807B3DA-0807B4A8
0x0807B4A8	t	0x18	sub_0807B4A8	code_0807A6AC	bl@080246F8
0x0807B4C0	t	0x10	sub_0807B4C0	code_0807A6AC	bl@08078888
0x0807B4D0	t	0x10	sub_0807B4D0	code_0807A6AC	bl@0807BC9A
0x0807B4E0	t	0x24	sub_0807B4E0	code_0807A6AC	gap 0807B4E0-0807B6B8
0x0807B504	t	0x18	sub_0807B504	code_0807A6AC	gap 0807B502-0807B6B8
0x0807B51C	t	0x18	sub_0807B51C	code_0807A6AC	gap 0807B51A-0807B6B8
0x0807B534	t	0x6C	sub_0807B534	code_0807A6AC	gap 0807B534-0807B6B8
0x0807B5A0	t	0x88	sub_0807B5A0	code_0807A6AC	gap 0807B5A0-0807B6B8
0x0807B628	t	0x90	sub_0807B628	code_0807A6AC	gap 0807B628-0807B6B8
0x0807B6B8	t	0x1AC	sub_0807B6B8	code_0807B6B8	bl@080003AA
0x0807B864	t	0x170	sub_0807B864	code_0807B6B8	gap 0807B862-0807D3D0
0x0807B9D4	t	0xE0	sub_0807B9D4	code_0807B6B8	gap 0807B9D4-0807D3D0
0x0807BAB4	t	0x220	sub_0807BAB4	code_0807B6B8	gap 0807BAB2-0807D3D0
0x0807BCD4	t	0x20	sub_0807BCD4	code_0807B6B8	gap 0807BCD4-0807D3D0
0x0807BCF4	t	0x8	sub_0807BCF4	code_0807B6B8	gap 0807BCF4-0807D3D0
0x0807BCFC	t	0x138	sub_0807BCFC	code_0807B6B8	gap 0807BCFA-0807D3D0
0x0807BE34	t	0x2C	sub_0807BE34	code_0807B6B8	bl@0807BD58
0x0807BE60	t	0x1C	sub_0807BE60	code_0807B6B8	bl@0807BE08
0x0807BE7C	t	0x5C	sub_0807BE7C	code_0807B6B8	gap 0807BE7C-0807BED8
0x0807BED8	t	0x10	sub_0807BED8	code_0807B6B8	bl@0807BD1A
0x0807BEE8	t	0x10	sub_0807BEE8	code_0807B6B8	gap 0807BEE8-0807D3D0
0x0807BEF8	t	0x10	sub_0807BEF8	code_0807B6B8	gap 0807BEF8-0807D3D0
0x0807BF08	t	0x14	sub_0807BF08	code_0807B6B8	gap 0807BF08-0807D3D0
0x0807BF1C	t	0x14	sub_0807BF1C	code_0807B6B8	gap 0807BF1C-0807D3D0
0x0807BF30	t	0x14	sub_0807BF30	code_0807B6B8	gap 0807BF30-0807D3D0
0x0807BF44	t	0x10	sub_0807BF44	code_0807B6B8	gap 0807BF44-0807D3D0
0x0807BF54	t	0x14	sub_0807BF54	code_0807B6B8	gap 0807BF54-0807D3D0
0x0807BF68	t	0x34	sub_0807BF68	code_0807B6B8	gap 0807BF68-0807D3D0
0x0807BF9C	t	0x44	sub_0807BF9C	code_0807B6B8	gap 0807BF9C-0807D3D0
0x0807BFE0	t	0x78	sub_0807BFE0	code_0807B6B8	gap 0807BFE0-0807D3D0
0x0807C058	t	0x178	sub_0807C058	code_0807B6B8	gap 0807C058-0807D3D0
0x0807C1D0	t	0x134	sub_0807C1D0	code_0807B6B8	gap 0807C1D0-0807D3D0
0x0807C304	t	0x70	sub_0807C304	code_0807B6B8	gap 0807C304-0807D3D0
0x0807C374	t	0xF8	sub_0807C374	code_0807B6B8	gap 0807C374-0807D3D0
0x0807C46C	t	0x3C	sub_0807C46C	code_0807B6B8	gap 0807C46C-0807D3D0
0x0807C4A8	t	0x24	sub_0807C4A8	code_0807B6B8	gap 0807C4A8-0807D3D0
0x0807C4CC	t	0x2FC	sub_0807C4CC	code_0807B6B8	gap 0807C4CA-0807D3D0
0x0807C7C8	t	0x15C	sub_0807C7C8	code_0807C7C8	gap 0807C7C8-0807D3D0
0x0807C924	t	0x17C	sub_0807C924	code_0807C7C8	gap 0807C924-0807D3D0
0x0807CAA0	t	0xC4	sub_0807CAA0	code_0807C7C8	gap 0807CA9E-0807D3D0
0x0807CB64	t	0x10	sub_0807CB64	code_0807C7C8	gap 0807CB64-0807D3D0
0x0807CB74	t	0xB4	sub_0807CB74	code_0807C7C8	gap 0807CB74-0807D3D0
0x0807CC28	t	0x50	sub_0807CC28	code_0807C7C8	gap 0807CC28-0807D3D0
0x0807CC78	t	0x34	sub_0807CC78	code_0807C7C8	gap 0807CC78-0807D3D0
0x0807CCAC	t	0xF4	sub_0807CCAC	code_0807C7C8	gap 0807CCAC-0807D3D0
0x0807CDA0	t	0x14	sub_0807CDA0	code_0807C7C8	gap 0807CDA0-0807D3D0
0x0807CDB4	t	0x1B8	sub_0807CDB4	code_0807C7C8	gap 0807CDB4-0807D3D0
0x0807CF6C	t	0x3C	sub_0807CF6C	code_0807C7C8	gap 0807CF6C-0807D3D0
0x0807CFA8	t	0xB8	sub_0807CFA8	code_0807C7C8	gap 0807CFA8-0807D3D0
0x0807D060	t	0x4	sub_0807D060	code_0807C7C8	gap 0807D05E-0807D3D0
0x0807D064	t	0x3C	sub_0807D064	code_0807C7C8	gap 0807D064-0807D3D0
0x0807D0A0	t	0x78	sub_0807D0A0	code_0807C7C8	gap 0807D09E-0807D3D0
0x0807D118	t	0x94	sub_0807D118	code_0807C7C8	gap 0807D118-0807D3D0
0x0807D1AC	t	0x48	sub_0807D1AC	code_0807C7C8	gap 0807D1AC-0807D3D0
0x0807D1F4	t	0xDC	sub_0807D1F4	code_0807C7C8	gap 0807D1F4-0807D3D0
0x0807D2D0	t	0x78	sub_0807D2D0	code_0807C7C8	gap 0807D2D0-0807D3D0
0x0807D348	t	0x78	sub_0807D348	code_0807C7C8	gap 0807D348-0807D3D0
0x0807D3C0	t	0x10	sub_0807D3C0	code_0807C7C8	gap 0807D3C0-0807D3D0
0x0807D3D0	t	0x148	sub_0807D3D0	sound_driver	bl@0807D66E
0x0807D518	t	0x60	sub_0807D518	sound_driver	bl@0807D660
0x0807D578	t	0x13C	sub_0807D578	sound_driver	bl@08075EC8
0x0807D6B4	t	0x4A4	sub_0807D6B4	sound_driver	bl@0807E0A2
0x0807DB58	t	0x7CC	sub_0807DB58	sound_driver	bl@0807E3C8
0x0807E324	t	0x8C	sub_0807E324	sound_driver	ptr@08075E44
0x0807E3B0	t	0x28	sub_0807E3B0	sound_driver	bl@080756D2
0x0807E3D8	t	0x17C	sub_0807E3D8	sound_driver	bl@0807E556
0x0807E554	t	0x120	sub_0807E554	sound_driver	bl@08075D3E
0x0807E674	t	0x1C	sub_0807E674	sound_driver	bl@08077B40
0x0807E690	t	0x20	sub_0807E690	sound_driver	gap 0807E690-0807E814
0x0807E6B0	t	0x38	sub_0807E6B0	sound_driver	gap 0807E6B0-0807E814
0x0807E6E8	t	0x3C	sub_0807E6E8	sound_driver	gap 0807E6E8-0807E764
0x0807E724	t	0x40	sub_0807E724	sound_driver	gap 0807E724-0807E764
0x0807E764	t	0x1C	sub_0807E764	sound_driver	bl@08077BDA
0x0807E780	t	0x38	sub_0807E780	sound_driver	gap 0807E780-0807E814
0x0807E7B8	t	0x30	sub_0807E7B8	sound_driver	gap 0807E7B8-0807E814
0x0807E7E8	t	0x2C	sub_0807E7E8	sound_driver	gap 0807E7E8-0807E814
0x0807E814	t	0x5C	sub_0807E814	sound_driver	bl@08077B10
0x0807E870	t	0x28	sub_0807E870	sound_driver	gap 0807E870-0807E918
0x0807E898	t	0x44	sub_0807E898	sound_driver	gap 0807E898-0807E918
0x0807E8DC	t	0x3C	sub_0807E8DC	sound_driver	gap 0807E8DC-0807E918
0x0807E918	t	0x78	sub_0807E918	sound_driver	bl@0807E290
0x0807E990	t	0x2C	sub_0807E990	sound_driver	gap 0807E990-0807EAD0
0x0807E9BC	t	0xC	sub_0807E9BC	sound_driver	gap 0807E9BC-0807EA88
0x0807E9C8	t	0x84	sub_0807E9C8	sound_driver	gap 0807E9C8-0807EA88
0x0807EA4C	t	0x3C	sub_0807EA4C	sound_driver	gap 0807EA4C-0807EA88
0x0807EA88	t	0x18	sub_0807EA88	sound_driver	bl@08077C32
0x0807EAA0	t	0x18	sub_0807EAA0	sound_driver	bl@08077BAC
0x0807EAB8	t	0x18	sub_0807EAB8	sound_driver	gap 0807EAB8-0807EAD0
0x0807EAD0	a	0x20	sub_0807EAD0	sound_mixer_arm	
0x0807EAF0	a	0x12C	sub_0807EAF0	sound_mixer_arm	
0x0807EC1C	a	0xDC	sub_0807EC1C	sound_mixer_arm	
0x0807ECF8	t	0x4	CpuFastSet	sdk/libagbsyscall	src
0x0807ECFC	t	0x4	CpuSet	sdk/libagbsyscall	src
0x0807ED00	t	0x4	Div	sdk/libagbsyscall	src
0x0807ED04	t	0x24	ReadSram_Core	sdk/agb_sram	src
0x0807ED28	t	0x64	ReadSram	sdk/agb_sram	src
0x0807ED8C	t	0x40	WriteSram	sdk/agb_sram	src
0x0807EDCC	t	0x30	VerifySram_Core	sdk/agb_sram	src
0x0807EDFC	t	0x64	VerifySram	sdk/agb_sram	src
0x0807EE60	t	0x38	WriteSramEx	sdk/agb_sram	src
